{"type":"FeatureCollection","features":[{"type":"Feature","properties":{"parentIso":"JPN","name":"Tokyo"},"geometry":{"type":"MultiPolygon","coordinates":[[[[141.45421,24.238525],[141.453251,24.229328],[141.455011,24.225426],[141.459247,24.224733],[141.468806,24.227161],[141.471989,24.232959],[141.472237,24.241893],[141.458992,24.244918],[141.455205,24.242101],[141.45421,24.238525]]],[[[153.984906,24.291949],[153.9839843,24.2975015],[153.971087,24.2847613],[153.9856069,24.2812617],[153.9865637,24.2834421],[153.984906,24.291949]]],[[[141.328225,24.8117746],[141.322053,24.812342],[141.32125,24.808458],[141.313409,24.805477],[141.304796,24.796321],[141.290868,24.789608],[141.287158,24.789885],[141.285893,24.788672],[141.285934,24.785687],[141.28887,24.787463],[141.292346,24.784399],[141.293686,24.772613],[141.291301,24.763945],[141.285551,24.753982],[141.284774,24.745725],[141.288553,24.746193],[141.29461,24.753219],[141.308758,24.760193],[141.323075,24.770438],[141.336198,24.7707],[141.34305,24.774792],[141.34632,24.77887],[141.347185,24.783044],[141.340905,24.799764],[141.329932,24.810653],[141.329987,24.812246],[141.328225,24.8117746]]],[[[141.291071,25.423701],[141.293199,25.426634],[141.292613,25.438354],[141.290212,25.440758],[141.288181,25.447073],[141.282123,25.448869],[141.278702,25.447203],[141.272821,25.440628],[141.271816,25.430909],[141.273411,25.423236],[141.275445,25.41977],[141.278564,25.418824],[141.287332,25.420829],[141.291071,25.423701]]],[[[142.159603,26.556722],[142.161332,26.559419],[142.160746,26.561332],[142.156065,26.562375],[142.15568,26.564652],[142.152845,26.564252],[142.151559,26.562255],[142.153623,26.559733],[142.152081,26.558646],[142.153225,26.55568],[142.15512,26.554901],[142.15333,26.554061],[142.155176,26.550274],[142.152639,26.547339],[142.152123,26.548537],[142.150827,26.547986],[142.151327,26.546586],[142.153383,26.546714],[142.154531,26.543675],[142.157025,26.543247],[142.157852,26.546874],[142.160914,26.548099],[142.159603,26.556722]]],[[[142.20712,26.554545],[142.215288,26.556814],[142.218334,26.563189],[142.212505,26.564478],[142.205951,26.561705],[142.203182,26.562102],[142.204332,26.560036],[142.201566,26.556655],[142.201565,26.553498],[142.20712,26.554545]]],[[[142.133522,26.607183],[142.132754,26.610106],[142.130771,26.610702],[142.129815,26.608703],[142.127221,26.610368],[142.125757,26.609521],[142.126169,26.607578],[142.123412,26.607134],[142.122713,26.603727],[142.125092,26.603563],[142.126637,26.601401],[142.125433,26.600404],[142.127484,26.599584],[142.125685,26.598477],[142.125259,26.595595],[142.127158,26.59595],[142.127844,26.598222],[142.129019,26.594969],[142.133534,26.596767],[142.135941,26.60135],[142.133522,26.607183]]],[[[142.14500031110074,26.6749046875],[142.143522,26.672656],[142.144325,26.670476],[142.141369,26.666519],[142.143863,26.665953],[142.146451,26.667826],[142.14908,26.666162],[142.14903,26.662302],[142.144829,26.656462],[142.147276,26.656477],[142.146749,26.655253],[142.148646,26.653596],[142.146279,26.652741],[142.148525,26.651134],[142.14916,26.648178],[142.152703,26.646667],[142.151377,26.644984],[142.153254,26.642096],[142.15397,26.635822],[142.158265,26.634846],[142.157039,26.636882],[142.1607197,26.6399267],[142.161691,26.630437],[142.163614,26.629726],[142.169332,26.632279],[142.171105,26.630812],[142.17391,26.624746],[142.176464,26.624145],[142.174137,26.622222],[142.176703,26.621095],[142.176333,26.616076],[142.178376,26.615387],[142.175139,26.612673],[142.173549,26.608083],[142.176437,26.609564],[142.178485,26.607489],[142.183526,26.61171],[142.181186,26.614364],[142.182179,26.622463],[142.180328,26.624552],[142.181133,26.628659],[142.177057,26.634256],[142.172729,26.636334],[142.173525,26.638144],[142.171166,26.643075],[142.174591,26.647801],[142.174392,26.654445],[142.177967,26.654825],[142.180213,26.65313],[142.184049,26.65475],[142.185021,26.653745],[142.18486,26.656118],[142.188506,26.655565],[142.187482,26.657394],[142.189055,26.659371],[142.182142,26.659721],[142.182151,26.657032],[142.174388,26.655859],[142.164195,26.660201],[142.160906,26.674531],[142.166879,26.68076],[142.16602,26.684204],[142.168465,26.689878],[142.165299,26.686883],[142.15997,26.68701],[142.152035,26.683553],[142.146624,26.685137],[142.14622,26.693939],[142.1477773,26.6940693],[142.1477279,26.6921429],[142.1478352,26.6944766],[142.1506,26.694064],[142.150885,26.69667],[142.153069,26.698492],[142.160351,26.701572],[142.163504,26.70015],[142.164977,26.702392],[142.162376,26.70283],[142.161817,26.70432],[142.160993,26.703137],[142.158724,26.703684],[142.158241,26.705838],[142.15399,26.709052],[142.15271,26.706025],[142.151431,26.70677],[142.150504,26.70562],[142.148446,26.707624],[142.143507,26.706279],[142.142046,26.708573],[142.140565,26.707886],[142.142951,26.698159],[142.139466,26.700708],[142.13907,26.699577],[142.136423,26.700392],[142.134331,26.699338],[142.133624,26.702032],[142.130688,26.704188],[142.130905,26.707391],[142.128935,26.707962],[142.130351,26.708856],[142.127636,26.709692],[142.128512,26.710902],[142.125336,26.713392],[142.125964,26.714358],[142.123356,26.714235],[142.121737,26.711093],[142.123135,26.709708],[142.122676,26.706442],[142.128433,26.700733],[142.128059,26.696786],[142.1301,26.693852],[142.130356,26.689351],[142.136565,26.684011],[142.136372,26.681348],[142.144136,26.676862],[142.14500031110074,26.6749046875]]],[[[142.18403,27.070375],[142.187155,27.071608],[142.187928,27.069737],[142.1902744,27.069349],[142.188745,27.068095],[142.192861,27.06762],[142.190973,27.064147],[142.1931441,27.0645726],[142.195142,27.061054],[142.192739,27.059212],[142.189786,27.061575],[142.187349,27.061037],[142.18795,27.05735],[142.186233,27.054797],[142.187902,27.056111],[142.18976,27.055401],[142.18875,27.053116],[142.1897856,27.0506551],[142.188025,27.047984],[142.185254,27.04819],[142.184053,27.045487],[142.186196,27.039744],[142.186977,27.044647],[142.193762,27.041217],[142.19906,27.045619],[142.206171,27.044096],[142.207863,27.040467],[142.210403,27.040568],[142.211333,27.038037],[142.21233,27.040618],[142.214148,27.03899],[142.216688,27.041428],[142.218977,27.041551],[142.220747,27.040224],[142.218805,27.037804],[142.22071,27.036958],[142.219488,27.036157],[142.229743,27.036151],[142.228311,27.038946],[142.225339,27.039183],[142.226996,27.041058],[142.223929,27.042601],[142.225076,27.044019],[142.222739,27.04432],[142.223488,27.046023],[142.225876,27.045327],[142.226374,27.049643],[142.222069,27.053621],[142.225247,27.0535],[142.228657,27.056737],[142.229599,27.054288],[142.234689,27.050742],[142.233534,27.050316],[142.234543,27.04928],[142.23698,27.049417],[142.235436,27.050593],[142.237848,27.052269],[142.230128,27.059511],[142.232843,27.062584],[142.230786,27.068859],[142.233311,27.076645],[142.229702,27.081495],[142.226115,27.080581],[142.22464,27.081569],[142.225317,27.083192],[142.22313,27.085324],[142.225264,27.087478],[142.224959,27.089757],[142.221136,27.096093],[142.218327,27.097202],[142.21872,27.101131],[142.215292,27.100239],[142.212545,27.103438],[142.205707,27.103329],[142.204762,27.105514],[142.19769,27.104602],[142.19673,27.105716],[142.19432,27.103633],[142.193045,27.106026],[142.190796,27.104439],[142.187296,27.105553],[142.183293,27.103384],[142.181403,27.100274],[142.183248,27.097396],[142.182211,27.092829],[142.185791,27.091347],[142.186515,27.088017],[142.193322,27.08926],[142.191266,27.092108],[142.193611,27.09408],[142.1957655,27.0935803],[142.1945631,27.094058],[142.1986464,27.0964201],[142.198015,27.098405],[142.201098,27.099401],[142.203318,27.098672],[142.201307,27.095883],[142.199203,27.096054],[142.202494,27.095577],[142.203763,27.093455],[142.201958,27.087358],[142.204077,27.086532],[142.203872,27.084884],[142.206696,27.086183],[142.208385,27.08353],[142.20721,27.078501],[142.20488,27.077313],[142.205813,27.075114],[142.20366,27.073262],[142.201129,27.074876],[142.193794,27.075774],[142.187063,27.072692],[142.183804,27.075499],[142.181805,27.074352],[142.181825,27.072679],[142.182174,27.070469],[142.18403,27.070375]]],[[[142.20167746875,27.1143578125],[142.202736,27.11209],[142.200585,27.11127],[142.20077,27.109798],[142.204459,27.110381],[142.209027,27.108745],[142.212294,27.109644],[142.21975,27.108687],[142.220367,27.110816],[142.226038,27.111138],[142.233003,27.108944],[142.235567,27.109593],[142.236123,27.111807],[142.235344,27.114166],[142.229021,27.11436],[142.226026,27.116216],[142.227606,27.11954],[142.225818,27.120396],[142.22727,27.121641],[142.226833,27.123726],[142.223829,27.123107],[142.221451,27.127619],[142.220461,27.126906],[142.217796,27.129123],[142.219639,27.132663],[142.216649,27.133605],[142.216124,27.132301],[142.20509,27.127815],[142.204818,27.130939],[142.206884,27.134059],[142.204992,27.134879],[142.205078,27.133809],[142.203597,27.134546],[142.200126,27.132577],[142.199587,27.134762],[142.194575,27.137842],[142.196095,27.140256],[142.193862,27.140688],[142.194073,27.143602],[142.192209,27.142952],[142.191183,27.144181],[142.191314,27.141073],[142.188991,27.136922],[142.193148,27.133614],[142.18676,27.130435],[142.19081,27.124926],[142.187124,27.121534],[142.19032,27.12065],[142.193141,27.12325],[142.197573,27.123455],[142.201225,27.122031],[142.202028,27.119763],[142.206374,27.117815],[142.2055,27.11583],[142.20167746875,27.1143578125]]],[[[142.18495859375,27.145121509659106],[142.188772,27.144481],[142.187921,27.150183],[142.192346,27.150543],[142.192474,27.152379],[142.197529,27.155858],[142.199394,27.158163],[142.197461,27.159601],[142.200577,27.163063],[142.200008,27.165674],[142.202074,27.166424],[142.201819,27.169537],[142.198058,27.168826],[142.194511,27.176446],[142.195638,27.179698],[142.197858,27.179457],[142.197014,27.180698],[142.19992,27.181374],[142.199782,27.18365],[142.194584,27.182782],[142.195715,27.185058],[142.19263,27.184843],[142.189377,27.186908],[142.18912,27.190121],[142.186524,27.187278],[142.184205,27.187291],[142.18575,27.184674],[142.187721,27.184463],[142.187696,27.182161],[142.18447,27.178392],[142.186132,27.178886],[142.186155,27.176874],[142.187552,27.176694],[142.187687,27.172312],[142.183878,27.171822],[142.185031,27.170472],[142.183267,27.166049],[142.184559,27.15946],[142.180968,27.157616],[142.1862,27.155115],[142.184693,27.152582],[142.185584,27.150366],[142.184548,27.149518],[142.180777,27.15078],[142.179628,27.148345],[142.18064,27.14645],[142.183779,27.146591],[142.18495859375,27.145121509659106]]],[[[140.8735319,27.2543905],[140.8704097,27.2503514],[140.8732209,27.2471941],[140.8728474,27.2400392],[140.8786382,27.2381831],[140.8864946,27.2399269],[140.8879209,27.2440396],[140.8864318,27.2519602],[140.882874,27.2522042],[140.8800976,27.2541515],[140.8735319,27.2543905]]],[[[142.178687,27.630851],[142.178181,27.633724],[142.176031,27.633855],[142.175067,27.635887],[142.172955,27.632967],[142.169782,27.634213],[142.172905,27.629297],[142.171539,27.626819],[142.175702,27.623425],[142.175002,27.622049],[142.177189,27.623207],[142.177736,27.626522],[142.180361,27.622723],[142.181797,27.621867],[142.181778,27.623344],[142.185492,27.619474],[142.187473,27.622142],[142.185829,27.622815],[142.185762,27.626636],[142.184216,27.627052],[142.183093,27.630383],[142.178687,27.630851]]],[[[142.1250763515625,27.685646875],[142.123938,27.683487],[142.126471,27.684026],[142.131066,27.678388],[142.131654,27.679723],[142.133135,27.678928],[142.132992,27.680985],[142.134582,27.68174],[142.135423,27.680086],[142.138807,27.679028],[142.138071,27.676852],[142.139535,27.676129],[142.137815,27.674404],[142.139402,27.672122],[142.141582,27.672835],[142.140915,27.671502],[142.145616,27.670576],[142.148535,27.672886],[142.148246,27.683367],[142.143194,27.686366],[142.142483,27.688851],[142.140098,27.688566],[142.140345,27.686676],[142.138719,27.685634],[142.136245,27.687363],[142.132605,27.68556],[142.13298,27.688927],[142.13106,27.689259],[142.125281,27.687064],[142.1250763515625,27.685646875]]],[[[140.313536,30.483626],[140.314428,30.487021],[140.312958,30.489391],[140.307065,30.495079],[140.303687,30.496006],[140.293734,30.493668],[140.28626,30.484702],[140.290357,30.478833],[140.298211,30.472899],[140.3089,30.474628],[140.313817,30.481764],[140.313536,30.483626]]],[[[139.760581,32.472534],[139.758164,32.473434],[139.755107,32.471638],[139.754619,32.451334],[139.759661,32.446251],[139.764382,32.445617],[139.767345,32.443008],[139.770067,32.443168],[139.7801,32.44829],[139.781211,32.45732],[139.769855,32.469072],[139.760581,32.472534]]],[[[139.830556,33.046915],[139.832717,33.045335],[139.831827,33.046697],[139.834316,33.046492],[139.837138,33.049464],[139.833773,33.055041],[139.834875,33.062597],[139.833577,33.066552],[139.838079,33.069955],[139.83902,33.075164],[139.858696,33.07918],[139.857727,33.080564],[139.859655,33.08392],[139.854442,33.091401],[139.857396,33.09911],[139.850934,33.105867],[139.845511,33.11631],[139.846576,33.117032],[139.828087,33.117451],[139.822624,33.11988],[139.817215,33.120134],[139.816996,33.121928],[139.819779,33.122871],[139.817087,33.122116],[139.814148,33.128996],[139.811224,33.128483],[139.806529,33.132351],[139.807228,33.130458],[139.8056,33.129362],[139.80198,33.131727],[139.804386,33.131538],[139.805017,33.13012],[139.805704,33.132231],[139.798149,33.133632],[139.796027,33.142424],[139.783932,33.148593],[139.772288,33.158948],[139.768463,33.157683],[139.758679,33.159619],[139.746799,33.156362],[139.743163,33.15382],[139.741472,33.147542],[139.738566,33.145768],[139.738322,33.138381],[139.744291,33.121407],[139.751707,33.114504],[139.753686,33.105068],[139.758479,33.102376],[139.768028,33.101509],[139.769704,33.099151],[139.77123,33.100271],[139.770089,33.096741],[139.770887,33.098801],[139.772787,33.097669],[139.774578,33.098904],[139.775709,33.097492],[139.775597,33.099893],[139.779502,33.100774],[139.776096,33.099405],[139.779746,33.092337],[139.779741,33.075277],[139.783552,33.070073],[139.793852,33.065539],[139.79634,33.062376],[139.802422,33.063701],[139.80996,33.057985],[139.813036,33.059639],[139.81507,33.057884],[139.815252,33.059429],[139.818842,33.058692],[139.830556,33.046915]]],[[[139.700739,33.117445],[139.697271,33.1277],[139.689875,33.131281],[139.687338,33.136032],[139.683079,33.136644],[139.679044,33.134216],[139.676725,33.136423],[139.675299,33.133353],[139.67657,33.131996],[139.675068,33.130814],[139.680856,33.125587],[139.684213,33.118114],[139.68883,33.116167],[139.695801,33.117392],[139.698641,33.115537],[139.700739,33.117445]]],[[[139.596498,33.854605],[139.619757,33.85168],[139.624655,33.856103],[139.632002,33.869797],[139.625334,33.883732],[139.618525,33.892425],[139.604655,33.90111],[139.591401,33.898161],[139.582614,33.888849],[139.576794,33.879285],[139.576577,33.866499],[139.578767,33.860291],[139.589454,33.855227],[139.596498,33.854605]]],[[[139.49256545641026,34.1016625],[139.488675,34.100493],[139.488698,34.095621],[139.482532,34.09032],[139.482456,34.087106],[139.480323,34.086233],[139.481842,34.085981],[139.482088,34.083398],[139.473111,34.077475],[139.475305,34.072811],[139.479889,34.070692],[139.480167,34.068529],[139.4771152,34.0677377],[139.479634,34.068109],[139.479499,34.06606],[139.479823,34.067774],[139.481875,34.06751],[139.478839,34.065073],[139.4772329,34.0669953],[139.478652,34.064765],[139.47842,34.057641],[139.481331,34.056388],[139.481214,34.051659],[139.488923,34.05192],[139.492912,34.048138],[139.495979,34.048537],[139.501938,34.045135],[139.51242,34.048532],[139.521216,34.046531],[139.524932,34.049352],[139.5286,34.046197],[139.531887,34.04656],[139.531877,34.048607],[139.534382,34.049558],[139.534399,34.052789],[139.538614,34.05326],[139.541474,34.05653],[139.542508,34.055943],[139.5462722,34.0563923],[139.542926,34.056259],[139.545838,34.058074],[139.5453355,34.0567722],[139.546508,34.058081],[139.550994,34.058389],[139.555386,34.062033],[139.555175,34.063384],[139.558786,34.064371],[139.561177,34.068771],[139.56321,34.068963],[139.563252,34.078865],[139.5679701,34.0803875],[139.5633001,34.0800104],[139.561118,34.084843],[139.563169,34.090908],[139.566624,34.093281],[139.56457,34.100262],[139.565869,34.10226],[139.563733,34.102717],[139.559942,34.11146],[139.55688,34.111886],[139.551328,34.116227],[139.547828,34.116709],[139.54692,34.119671],[139.539801,34.124273],[139.536118,34.123305],[139.5322512,34.1250677],[139.532469,34.123753],[139.53074,34.124059],[139.5318801,34.1248806],[139.525631,34.124125],[139.52224,34.125104],[139.51379,34.120599],[139.510784,34.120492],[139.506776,34.122734],[139.498583,34.121793],[139.493717,34.119612],[139.489422,34.11286],[139.494156,34.105421],[139.49256545641026,34.1016625]]],[[[139.13086,34.185029],[139.133148,34.187147],[139.138307,34.185312],[139.141344,34.18737],[139.142468,34.185812],[139.14381,34.189735],[139.145665,34.187632],[139.147504,34.1967],[139.148998,34.196827],[139.151673,34.192747],[139.153815,34.193345],[139.152791,34.194915],[139.155009,34.194383],[139.157154,34.19767],[139.155497,34.198285],[139.155439,34.200557],[139.15431,34.198867],[139.1535,34.201169],[139.157655,34.200425],[139.154157,34.202254],[139.157536,34.205145],[139.16834,34.20874],[139.170491,34.204602],[139.171843,34.20553],[139.175312,34.204459],[139.176164,34.207763],[139.17347,34.211908],[139.175742,34.21667],[139.17189,34.219477],[139.17069,34.23127],[139.167729,34.234134],[139.156463,34.239333],[139.149246,34.239308],[139.143333,34.243862],[139.137562,34.242395],[139.136975,34.237511],[139.134212,34.23582],[139.136986,34.228072],[139.136055,34.224719],[139.128246,34.222799],[139.128439,34.220226],[139.13402,34.218127],[139.130484,34.216349],[139.132703,34.208428],[139.131409,34.210263],[139.127584,34.209479],[139.130194,34.209534],[139.132674,34.207454],[139.132506,34.20194],[139.121868,34.199326],[139.119446,34.193863],[139.121563,34.189562],[139.11945,34.191033],[139.120339,34.18936],[139.123,34.188248],[139.122835,34.189693],[139.124933,34.189691],[139.125388,34.187056],[139.128307,34.187047],[139.128972,34.184536],[139.13086,34.185029]]],[[[139.21865,34.32085507756521],[139.2189372,34.3197304],[139.2211862,34.3199944],[139.2194572,34.3208004],[139.2214732,34.3226984],[139.2230232,34.3211484],[139.2221012,34.3232914],[139.2248652,34.3234014],[139.2267922,34.3256994],[139.2271992,34.3302124],[139.2242832,34.3311844],[139.2228972,34.3300744],[139.2219742,34.3309084],[139.2234422,34.3314044],[139.2177882,34.3324484],[139.2175132,34.3337904],[139.2142593,34.3322383],[139.2148444,34.3341324],[139.216542,34.3342294],[139.2129028,34.3369457],[139.2111679,34.3358407],[139.2092109,34.3367028],[139.2086889,34.3348308],[139.2060879,34.3346758],[139.2076905,34.3346157],[139.2084602,34.3299954],[139.2065172,34.330366],[139.2060062,34.327746],[139.2047282,34.329258],[139.2048082,34.326586],[139.2006922,34.329417],[139.2016452,34.325686],[139.1956142,34.322754],[139.1940732,34.320036],[139.1950042,34.318165],[139.1980122,34.317563],[139.1956072,34.316649],[139.2005242,34.315969],[139.2027332,34.320854],[139.2042912,34.319996],[139.2040262,34.321789],[139.2067132,34.3216154],[139.2073342,34.3176394],[139.2115382,34.3183314],[139.2110332,34.3171034],[139.2133342,34.3159004],[139.2140222,34.3177914],[139.2176202,34.3171214],[139.21865,34.32085507756521]]],[[[139.267683,34.524289],[139.268425,34.516873],[139.271776,34.512915],[139.2774,34.511024],[139.282209,34.512776],[139.290325,34.519892],[139.293111,34.524618],[139.291106,34.528571],[139.287715,34.531009],[139.2822785,34.5338217],[139.2813263,34.5325546],[139.2827979,34.5320046],[139.2805966,34.5319537],[139.2806654,34.5346584],[139.2801108,34.5323964],[139.275694,34.532265],[139.2758346,34.5353047],[139.2752458,34.5322788],[139.270284,34.52933],[139.267683,34.524289]]],[[[139.3944639,34.6869335],[139.396087,34.683608],[139.399421,34.6840937],[139.4012023,34.6819413],[139.4041265,34.6825539],[139.4083249,34.6806869],[139.4129467,34.6818104],[139.416347,34.6807657],[139.4243678,34.6828462],[139.4287646,34.6809952],[139.4301015,34.6786989],[139.4342988,34.6778842],[139.4425721,34.6811809],[139.44016,34.6815784],[139.4406161,34.6833465],[139.4363796,34.6875283],[139.4378776,34.6886931],[139.4393404,34.6853733],[139.4425978,34.6836798],[139.4447452,34.6845393],[139.444419,34.6890558],[139.4500055,34.6965212],[139.4435899,34.7036161],[139.4445474,34.7101568],[139.4483137,34.7124667],[139.4496453,34.7153462],[139.449004,34.7198758],[139.4448281,34.7251773],[139.4455298,34.7281714],[139.4438817,34.7319873],[139.4448383,34.7350321],[139.4485287,34.7379775],[139.4490489,34.7414685],[139.4475469,34.7452782],[139.4455179,34.7476442],[139.4433226,34.7477408],[139.4407077,34.7524542],[139.4415154,34.7553613],[139.4357612,34.7701289],[139.4233146,34.7810585],[139.4183505,34.7816805],[139.4146562,34.7852728],[139.4143231,34.7839349],[139.4131892,34.7868834],[139.4082558,34.7861505],[139.400794,34.7885349],[139.3975018,34.7879945],[139.3894904,34.7932962],[139.3884957,34.7927637],[139.3915785,34.7897552],[139.3894749,34.7894637],[139.3915073,34.7892416],[139.3850415,34.7897282],[139.380876,34.7941571],[139.3766898,34.7943151],[139.3728652,34.7982919],[139.3675607,34.7962562],[139.3605045,34.7990851],[139.3598489,34.7938086],[139.3540227,34.7900676],[139.3526532,34.7845548],[139.349642,34.7828017],[139.3491645,34.778609],[139.3520888,34.7691103],[139.3487647,34.7656885],[139.3490938,34.759046],[139.3519578,34.7535486],[139.3515265,34.7519341],[139.3485862,34.751771],[139.352508,34.751536],[139.353508,34.744394],[139.356945,34.741892],[139.35674,34.734921],[139.35353,34.730784],[139.3537915,34.7335983],[139.3528227,34.7316592],[139.352485,34.718785],[139.361189,34.709849],[139.358154,34.701153],[139.362245,34.70188],[139.368036,34.699301],[139.371883,34.699211],[139.375286,34.696235],[139.376221,34.696984],[139.376711,34.695688],[139.383225,34.694117],[139.3912,34.686543],[139.3944639,34.6869335]]],[[[139.243187,34.365305],[139.241613,34.362417],[139.243519,34.362113],[139.245135,34.358288],[139.244458,34.348011],[139.258166,34.335522],[139.272397,34.329944],[139.273357,34.340386],[139.276805,34.348406],[139.27614,34.376105],[139.277904,34.39029],[139.281874,34.396151],[139.283888,34.394706],[139.285498,34.396403],[139.283976,34.395387],[139.281956,34.396258],[139.28513,34.400191],[139.289441,34.40178],[139.289395,34.406367],[139.291397,34.407962],[139.286403,34.412271],[139.286979,34.414696],[139.292317,34.419009],[139.291187,34.424129],[139.288543,34.425548],[139.287633,34.428065],[139.283938,34.428887],[139.283251,34.430812],[139.278488,34.4313],[139.281766,34.423991],[139.279661,34.418338],[139.278144,34.41686],[139.276577,34.418131],[139.277707,34.417002],[139.274585,34.415529],[139.273729,34.416331],[139.275644,34.418248],[139.273522,34.416521],[139.269315,34.416581],[139.267101,34.414368],[139.266769,34.408334],[139.259832,34.404266],[139.258538,34.402011],[139.255168,34.401086],[139.256236,34.398809],[139.254864,34.396541],[139.257293,34.394214],[139.254739,34.381606],[139.250638,34.373413],[139.249,34.374214],[139.250567,34.37329],[139.249332,34.371622],[139.246816,34.371722],[139.245403,34.37012],[139.24686,34.371472],[139.248115,34.370765],[139.246271,34.370146],[139.246105,34.367936],[139.244257,34.367318],[139.243992,34.368762],[139.240272,34.37021],[139.243362,34.367848],[139.243187,34.365305]]],[[[139.81211171875,35.60289985687379],[139.8055776,35.599398],[139.807402,35.5971416],[139.805629,35.596224],[139.8038,35.598463],[139.793336,35.5928041],[139.805544,35.5854555],[139.8135237,35.5896111],[139.819383,35.582221],[139.817344,35.580847],[139.832152,35.588921],[139.820337,35.607352],[139.81211171875,35.60289985687379]]],[[[139.79053282155,35.595803125],[139.7915629,35.5939129],[139.8190281,35.6088347],[139.810581,35.613158],[139.798499,35.60678],[139.79053282155,35.595803125]]],[[[139.7901390625,35.6062114264706],[139.7926388,35.6095715],[139.7809998,35.6238772],[139.7849544,35.62635],[139.776535,35.6363081],[139.771392,35.634334],[139.770839,35.633054],[139.772675,35.632537],[139.7751119,35.6345815],[139.7770418,35.6316926],[139.76762,35.6258276],[139.7676705,35.6220666],[139.7706318,35.6187365],[139.7734532,35.6202615],[139.7728865,35.6185312],[139.7750637,35.6161789],[139.7730612,35.6153267],[139.7751109,35.6161355],[139.7867391,35.6018351],[139.7901390625,35.6062114264706]]],[[[139.833884375,35.61455571383579],[139.8355254,35.6124868],[139.838602,35.6141579],[139.8401121,35.6320678],[139.8258515,35.6307042],[139.8274155,35.6197958],[139.8317072,35.6212375],[139.832929,35.6197383],[139.8306335,35.6184881],[139.833884375,35.61455571383579]]],[[[139.7713959,35.5750796],[139.75766,35.574448],[139.758465,35.568435],[139.7656125,35.5648861],[139.7738394,35.5745564],[139.7713959,35.5750796]]],[[[139.8933847,35.7834608],[139.886862,35.7840915],[139.8768849,35.7810797],[139.8727358,35.7822441],[139.8713122,35.7883834],[139.8772395,35.7943542],[139.8729376,35.7970248],[139.8636461,35.7945073],[139.8593755,35.7956802],[139.8560682,35.7908206],[139.8471721,35.7956902],[139.8440601,35.7993726],[139.8394102,35.8007585],[139.8367048,35.8002543],[139.8307573,35.7945097],[139.8273762,35.793792],[139.822844,35.7954653],[139.8195929,35.7994683],[139.8207751,35.805703],[139.8250915,35.8118304],[139.821437,35.8148857],[139.8207842,35.8113135],[139.8149138,35.8086867],[139.803582,35.808722],[139.7977626,35.8058094],[139.7922505,35.8052956],[139.7808119,35.8072163],[139.7722735,35.816233],[139.7675139,35.8174803],[139.7609321,35.8125312],[139.7553625,35.8127445],[139.75491,35.8103514],[139.7520429,35.8111629],[139.7503102,35.8092771],[139.7507301,35.8062552],[139.7605847,35.7975233],[139.7599716,35.7948424],[139.7552392,35.7900309],[139.7555003,35.7873373],[139.7496084,35.7859087],[139.7467442,35.7867281],[139.7453428,35.7831195],[139.7380389,35.7801769],[139.7390874,35.7868585],[139.7360404,35.7891082],[139.7326447,35.7898305],[139.7246791,35.7871491],[139.721147,35.791443],[139.706341,35.793064],[139.6968769,35.7989124],[139.6949715,35.7958344],[139.6951956,35.7997492],[139.6924234,35.800624],[139.6771766,35.7988941],[139.6688296,35.8004256],[139.6533844,35.8001761],[139.6480323,35.7971572],[139.6443534,35.798865],[139.6409914,35.797653],[139.6377772,35.7911456],[139.6343771,35.7906031],[139.631563,35.788203],[139.631688,35.786336],[139.627871,35.784658],[139.624523,35.780811],[139.624206,35.774331],[139.625598,35.773016],[139.622988,35.766872],[139.617725,35.766648],[139.617229,35.770348],[139.615421,35.770874],[139.611706,35.769376],[139.611269,35.771067],[139.608745,35.768837],[139.606353,35.77095],[139.598203,35.76914],[139.598436,35.772142],[139.60438,35.775017],[139.596935,35.776412],[139.597197,35.778366],[139.59414,35.778704],[139.59341,35.777188],[139.588757,35.778529],[139.58668,35.775284],[139.583981,35.774832],[139.582239,35.771207],[139.578161,35.770851],[139.576886,35.768074],[139.574333,35.768191],[139.574587,35.766228],[139.570036,35.765587],[139.571072,35.763343],[139.565609,35.761876],[139.563581,35.762838],[139.561831,35.759603],[139.556147,35.758883],[139.555243,35.755736],[139.552041,35.755964],[139.547155,35.753384],[139.546776,35.755089],[139.544347,35.755483],[139.546976,35.760303],[139.547659,35.774228],[139.530298,35.768349],[139.521375,35.76757],[139.516371,35.765573],[139.522812,35.771893],[139.533369,35.773779],[139.542975,35.779807],[139.543789,35.788194],[139.5371301,35.7915988],[139.5446889,35.7969533],[139.5475266,35.8019024],[139.544288,35.806636],[139.541729,35.807302],[139.528354,35.793352],[139.5228348,35.791642],[139.5226048,35.7892266],[139.5136523,35.788321],[139.5127656,35.7856266],[139.5068,35.78295],[139.499076,35.782192],[139.496802,35.7782056],[139.4956373,35.7813187],[139.4936181,35.7814404],[139.4927988,35.7792059],[139.4892579,35.7810722],[139.4902688,35.7792959],[139.4889744,35.7790301],[139.4827546,35.7810522],[139.4765948,35.7779271],[139.4764886,35.775393],[139.4736659,35.7759989],[139.471152,35.773404],[139.461335,35.773435],[139.458055,35.769308],[139.451007,35.769324],[139.444965,35.76666],[139.44088,35.766929],[139.438652,35.769589],[139.436406,35.767206],[139.42762,35.766446],[139.422209,35.767803],[139.419557,35.765905],[139.404587,35.769144],[139.400471,35.768034],[139.398239,35.764298],[139.392149,35.763285],[139.390455,35.763996],[139.391658,35.767409],[139.385066,35.765229],[139.380107,35.766514],[139.378951,35.770889],[139.381541,35.777028],[139.379877,35.777007],[139.379931,35.778907],[139.375518,35.780459],[139.370265,35.778288],[139.373005,35.779716],[139.367191,35.785602],[139.369866,35.787607],[139.368711,35.790289],[139.369917,35.791727],[139.359839,35.791622],[139.356651,35.793477],[139.350654,35.793275],[139.346855,35.796413],[139.342876,35.794026],[139.334876,35.793699],[139.33278,35.79189],[139.330357,35.794339],[139.325164,35.795586],[139.315021,35.814269],[139.3161555,35.8236677],[139.3149181,35.825245],[139.3121387,35.8254472],[139.304763,35.8223978],[139.3048611,35.8238684],[139.3024364,35.8242061],[139.3009403,35.8350214],[139.296921,35.835269],[139.295225,35.833661],[139.290758,35.837883],[139.284919,35.835861],[139.2798576,35.841176],[139.2797878,35.8392536],[139.2715189,35.8396819],[139.2604228,35.8359917],[139.252252,35.8382492],[139.2427764,35.8366006],[139.2412309,35.8400378],[139.2390342,35.840525],[139.2312689,35.8366406],[139.2245436,35.8404992],[139.220177,35.8412953],[139.2126459,35.8466114],[139.2063227,35.8459075],[139.2031344,35.8411992],[139.1924381,35.8402716],[139.1818278,35.8437872],[139.1743542,35.8483122],[139.1632436,35.8509706],[139.1593972,35.8570653],[139.1475397,35.8627108],[139.1353572,35.8653872],[139.1192664,35.8642914],[139.1026742,35.8665795],[139.1013692,35.8656908],[139.099088,35.8686747],[139.0914286,35.8689922],[139.0799675,35.8753203],[139.0761094,35.8748295],[139.0722364,35.8715956],[139.0616286,35.8736298],[139.0579658,35.8774414],[139.0498389,35.8788333],[139.0428678,35.8856016],[139.0240041,35.8972942],[139.0187928,35.8983844],[139.0103202,35.8971725],[139.0068019,35.8936384],[139.0056761,35.8882383],[139.0009278,35.8840089],[138.9958778,35.8844475],[138.9887483,35.8811472],[138.9855605,35.8811661],[138.9789247,35.8850111],[138.9730305,35.88212],[138.9678411,35.8821533],[138.9652012,35.8777861],[138.9544555,35.8749108],[138.9497286,35.8692464],[138.9451408,35.8679289],[138.9465808,35.8644728],[138.9428648,35.8601625],[138.943931,35.854819],[138.948545,35.849545],[138.947472,35.842713],[138.953259,35.836518],[138.962678,35.829397],[138.969763,35.831226],[138.969626,35.816215],[138.972231,35.811524],[138.970219,35.804873],[138.971793,35.798999],[138.977102,35.792752],[138.976717,35.789245],[138.984862,35.78561],[138.986422,35.782253],[138.983662,35.772232],[138.984394,35.767765],[138.989359,35.76349],[138.99257,35.755381],[139.000381,35.750486],[139.005153,35.750452],[139.013792,35.73499],[139.020897,35.727281],[139.022081,35.722659],[139.024846,35.719701],[139.034775,35.714959],[139.038875,35.711197],[139.047373,35.70925],[139.052086,35.704833],[139.062718,35.700727],[139.065303,35.697837],[139.070688,35.69759],[139.072203,35.695361],[139.082012,35.695553],[139.084392,35.693077],[139.092104,35.690553],[139.097406,35.692332],[139.105857,35.69098],[139.123322,35.677517],[139.12739,35.676514],[139.1313389,35.6719948],[139.136729,35.672412],[139.147158,35.666817],[139.153595,35.666022],[139.161601,35.667907],[139.164979,35.665279],[139.168358,35.658556],[139.166952,35.651066],[139.174948,35.649889],[139.179084,35.645572],[139.18423,35.645075],[139.189822,35.646534],[139.193989,35.651785],[139.195727,35.651287],[139.198255,35.653],[139.202106,35.653007],[139.207321,35.649715],[139.211459,35.649117],[139.215453,35.646122],[139.215369,35.637076],[139.221431,35.629466],[139.219638,35.625895],[139.225903,35.623477],[139.229662,35.618991],[139.229879,35.614567],[139.237797,35.609798],[139.238635,35.606977],[139.247214,35.605096],[139.252221,35.601667],[139.257703,35.604231],[139.264772,35.602459],[139.266022,35.60791],[139.268269,35.609235],[139.285701,35.612883],[139.29609,35.610134],[139.299097,35.606195],[139.303865,35.604299],[139.306266,35.605168],[139.314271,35.603997],[139.320504,35.606182],[139.3302656,35.6031081],[139.3310193,35.6042225],[139.339887,35.605256],[139.344153,35.602311],[139.3547901,35.6005646],[139.3582803,35.598643],[139.3634897,35.5988886],[139.3699616,35.5945867],[139.374558,35.5944233],[139.378995,35.590017],[139.380949,35.590433],[139.385706,35.587721],[139.388616,35.588533],[139.391082,35.585259],[139.394155,35.585642],[139.396079,35.583876],[139.399794,35.584426],[139.402942,35.575366],[139.409256,35.57548],[139.410191,35.571234],[139.412847,35.56622],[139.416265,35.564232],[139.416231,35.561886],[139.423005,35.559717],[139.423641,35.556223],[139.43339,35.546355],[139.435796,35.546877],[139.440752,35.542562],[139.444694,35.54236],[139.448536,35.537643],[139.448327,35.53538],[139.458259,35.528038],[139.454347,35.520639],[139.463283,35.517838],[139.468684,35.502004],[139.476381,35.501353],[139.484936,35.503969],[139.481059,35.505355],[139.476971,35.511396],[139.4848796,35.5194158],[139.487796,35.527882],[139.485784,35.531128],[139.486814,35.535525],[139.484529,35.536097],[139.484919,35.538184],[139.481635,35.539946],[139.48033,35.543146],[139.482579,35.548536],[139.481858,35.555956],[139.476484,35.562552],[139.474737,35.559605],[139.470407,35.560405],[139.468263,35.563139],[139.473342,35.576869],[139.476486,35.582009],[139.47783,35.582221],[139.477947,35.580636],[139.482075,35.581607],[139.485164,35.584686],[139.489761,35.584317],[139.488377,35.578474],[139.486056,35.578363],[139.482866,35.571384],[139.486356,35.56904],[139.488951,35.562091],[139.491029,35.561426],[139.494657,35.564849],[139.496265,35.56464],[139.497891,35.567797],[139.500826,35.568534],[139.500599,35.570442],[139.506449,35.571602],[139.507589,35.575141],[139.505455,35.574787],[139.499214,35.58097],[139.493934,35.58273],[139.4936504,35.5891635],[139.490686,35.588991],[139.487878,35.590949],[139.487112,35.590022],[139.484534,35.594163],[139.483182,35.593415],[139.483908,35.595298],[139.4803,35.594695],[139.478018,35.598974],[139.471057,35.601158],[139.466464,35.606731],[139.466046,35.6095],[139.457916,35.607477],[139.453514,35.604476],[139.449278,35.611776],[139.4529931,35.6183498],[139.457037,35.619105],[139.4630468,35.6248197],[139.467859,35.620521],[139.475464,35.6197],[139.476041,35.613239],[139.479656,35.613264],[139.483254,35.608707],[139.487903,35.607689],[139.489284,35.604409],[139.493633,35.605824],[139.499738,35.605448],[139.494675,35.617286],[139.503416,35.622861],[139.510401,35.623349],[139.516072,35.625619],[139.51727,35.630516],[139.523489,35.632394],[139.520984,35.63776],[139.523389,35.63882],[139.525515,35.642667],[139.545956,35.63742],[139.549425,35.634374],[139.562508,35.632384],[139.566157,35.629544],[139.565627,35.627202],[139.576543,35.621982],[139.58499,35.621019],[139.591887,35.617709],[139.599832,35.618459],[139.605345,35.615573],[139.609668,35.616411],[139.615579,35.613327],[139.618518,35.613786],[139.631845,35.606833],[139.651048,35.592234],[139.656288,35.589728],[139.66449,35.589522],[139.669306,35.584719],[139.678787,35.562987],[139.689615,35.557287],[139.698292,35.555972],[139.703733,35.552607],[139.703531,35.549411],[139.697759,35.543757],[139.698828,35.539748],[139.702224,35.537027],[139.709005,35.536379],[139.7173,35.538004],[139.726561,35.543575],[139.7337468,35.540866],[139.739593,35.545156],[139.746774,35.543828],[139.756851,35.544502],[139.79577068036855,35.523355428900985],[139.7948879,35.5320392],[139.8007094,35.5348895],[139.8042279,35.5300483],[139.8004699,35.5264182],[139.8016959,35.5246924],[139.7997614,35.5229573],[139.802471,35.520916],[139.8262697,35.541583],[139.8230371,35.543948],[139.8196113,35.5424936],[139.8068372,35.5311542],[139.8032493,35.536075],[139.809292,35.538669],[139.785521,35.570529],[139.7710194,35.5689862],[139.7636958,35.5605102],[139.7585902,35.5643572],[139.7541774,35.5616884],[139.746773,35.568955],[139.745161,35.568454],[139.746242,35.569275],[139.7443942,35.5708701],[139.7420278,35.5702685],[139.743895,35.571287],[139.742339,35.573002],[139.7428986,35.5757433],[139.745996,35.575061],[139.7541163,35.5783334],[139.7558995,35.5770701],[139.7624885,35.5771418],[139.7675192,35.5814628],[139.7693447,35.5800819],[139.766378,35.578491],[139.7666741,35.5771359],[139.7834191,35.5770447],[139.7874224,35.5794608],[139.7818282,35.5844255],[139.7840243,35.5860396],[139.781463,35.5844885],[139.7814277,35.5857326],[139.7778058,35.5871619],[139.777169,35.5852134],[139.7704991,35.5811343],[139.7688302,35.5822371],[139.7767914,35.5902764],[139.7634839,35.6087025],[139.7619536,35.614653],[139.7597929,35.6153879],[139.7592014,35.6336142],[139.7526359,35.6344226],[139.7548147,35.6388751],[139.7596102,35.6367979],[139.7583573,35.6357438],[139.7604396,35.6367712],[139.7603677,35.644984],[139.7590909,35.6454111],[139.7610024,35.6518712],[139.7676434,35.6510712],[139.7787551,35.6393922],[139.7786368,35.6371567],[139.7873042,35.6272263],[139.7920314,35.629867],[139.798839,35.62177],[139.802207,35.626197],[139.8003396,35.6310771],[139.8013668,35.6363565],[139.8069903,35.6368909],[139.8065382,35.640338],[139.8344868,35.6440661],[139.8336765,35.6346362],[139.82125,35.6334427],[139.8215277,35.631518],[139.8402351,35.6336018],[139.8412735,35.6467565],[139.8496634,35.6462709],[139.8497112,35.6424802],[139.8581591,35.6391014],[139.869145,35.639166],[139.8723964784947,35.63731819395902],[139.873781,35.639834],[139.883491,35.645119],[139.8869,35.653734],[139.887364,35.667921],[139.885527,35.67277],[139.886936,35.67926],[139.892041,35.681644],[139.90715,35.684384],[139.913848,35.69093],[139.919009,35.6991282],[139.916207,35.708002],[139.908119,35.713862],[139.89765,35.724999],[139.89757,35.730583],[139.901017,35.738504],[139.899446,35.744386],[139.891388,35.749272],[139.884041,35.757406],[139.879457,35.767525],[139.881747,35.772859],[139.893799,35.778707],[139.8933847,35.7834608]]]]}},{"type":"Feature","properties":{"parentIso":"JPN","name":"Kyoto"},"geometry":{"type":"Polygon","coordinates":[[[135.728635,34.777998],[135.733202,34.754879],[135.736636,34.755303],[135.736395,34.749967],[135.747167,34.746465],[135.749089,34.741427],[135.756956,34.736116],[135.755279,34.73392],[135.755514,34.727532],[135.756855,34.728411],[135.766002,34.725356],[135.773263,34.725808],[135.773541,34.7242],[135.777727,34.723109],[135.791396,34.724882],[135.795306,34.723342],[135.795844,34.720614],[135.799155,34.72311],[135.803681,34.721857],[135.805841,34.717997],[135.812085,34.717589],[135.811891,34.715047],[135.810284,34.71449],[135.814371,34.714927],[135.819968,34.711661],[135.824519,34.713506],[135.827901,34.712336],[135.831816,34.713415],[135.839072,34.711771],[135.841744,34.709292],[135.849284,34.708274],[135.8492181,34.7059858],[135.851038,34.705754],[135.859562,34.707113],[135.8642945,34.7063055],[135.8660959,34.7098553],[135.8731668,34.7111789],[135.876137,34.713877],[135.877852,34.712251],[135.881244,34.714073],[135.885159,34.71362],[135.890171,34.708316],[135.892247,34.718116],[135.895386,34.724888],[135.897231,34.72564],[135.897386,34.730872],[135.901077,34.731019],[135.903021,34.732916],[135.903185,34.736287],[135.905387,34.736855],[135.911286,34.743172],[135.916156,34.753686],[135.920971,34.752996],[135.924417,34.757672],[135.929009,34.756682],[135.927365,34.754519],[135.928925,34.751899],[135.923132,34.744794],[135.925569,34.740339],[135.932472,34.737647],[135.937028,34.740147],[135.942896,34.737492],[135.943827,34.741322],[135.954775,34.748298],[135.95785,34.744622],[135.958649,34.740262],[135.962182,34.740013],[135.965989,34.743187],[135.969592,34.740543],[135.971922,34.742061],[135.974795,34.74035],[135.976109,34.741141],[135.977655,34.737451],[135.980817,34.737248],[135.981352,34.734939],[135.983799,34.734232],[135.98267,34.732067],[135.986093,34.726468],[135.98504,34.719178],[135.986255,34.715195],[135.990707,34.713781],[135.992302,34.714616],[135.99215,34.712153],[135.999685,34.712955],[136.004938,34.717314],[136.009322,34.716614],[136.013408,34.713147],[136.013866,34.707799],[136.01926,34.708597],[136.028765,34.706314],[136.028894,34.713246],[136.031268,34.713754],[136.033809,34.717699],[136.039474,34.720156],[136.043004,34.73611],[136.049979,34.738596],[136.055476,34.738556],[136.049702,34.740583],[136.04741,34.744411],[136.039103,34.749523],[136.038139,34.756451],[136.030534,34.755828],[136.0286,34.757457],[136.031031,34.761922],[136.029327,34.765079],[136.034114,34.77405],[136.033778,34.778588],[136.029635,34.780968],[136.022606,34.782311],[136.019949,34.786487],[136.020109,34.790247],[136.022289,34.791555],[136.016382,34.794606],[136.015862,34.797813],[136.011247,34.795861],[136.010159,34.799724],[136.016696,34.81107],[136.028535,34.815919],[136.027858,34.821665],[136.016273,34.828911],[136.01549,34.826599],[136.012166,34.825174],[136.005763,34.826158],[136.002328,34.832762],[136.003649,34.841076],[136.005342,34.842876],[136.003993,34.844341],[135.999206,34.844954],[135.994544,34.842125],[135.991853,34.842898],[135.987638,34.840649],[135.984946,34.841532],[135.981797,34.839178],[135.969867,34.837779],[135.972054,34.846049],[135.967796,34.846706],[135.966599,34.84917],[135.962733,34.850434],[135.961399,34.85466],[135.957134,34.854776],[135.952611,34.852288],[135.946351,34.851631],[135.945212,34.858541],[135.940927,34.863891],[135.943749,34.874962],[135.943247,34.878252],[135.939659,34.881383],[135.941192,34.884494],[135.939566,34.888637],[135.941007,34.893683],[135.936026,34.891641],[135.93363,34.887997],[135.92871,34.888106],[135.923226,34.883617],[135.918571,34.884789],[135.912656,34.883516],[135.909879,34.880362],[135.909663,34.877154],[135.906791,34.875481],[135.907422,34.874019],[135.897891,34.871267],[135.891967,34.87455],[135.885002,34.875546],[135.885729,34.878554],[135.888601,34.87988],[135.886931,34.883206],[135.884179,34.884512],[135.88122,34.883825],[135.877975,34.886559],[135.875865,34.886286],[135.874387,34.888867],[135.866637,34.89214],[135.867289,34.896869],[135.862934,34.903387],[135.871178,34.909949],[135.871342,34.91476],[135.868654,34.919525],[135.871854,34.923899],[135.870713,34.926004],[135.879924,34.934525],[135.876028,34.94323],[135.878748,34.947045],[135.874204,34.955018],[135.863878,34.957602],[135.863043,34.960781],[135.856195,34.966726],[135.855648,34.969879],[135.852438,34.970789],[135.856695,34.982457],[135.855026,34.984742],[135.849118,34.984812],[135.849267,34.991734],[135.843558,34.989587],[135.826905,34.991204],[135.832427,34.998772],[135.832357,35.000835],[135.835456,34.999254],[135.836559,35.001226],[135.8326826,35.0094255],[135.824279,35.008717],[135.820239,35.012962],[135.820239,35.015194],[135.824946,35.012351],[135.835464,35.012329],[135.834518,35.022081],[135.827374,35.022133],[135.827739,35.030379],[135.824617,35.035638],[135.821534,35.036151],[135.815633,35.041417],[135.814757,35.0452],[135.81662,35.047982],[135.8213867,35.0495661],[135.8258489,35.0534261],[135.832824,35.052844],[135.834852,35.055554],[135.8358469,35.0623301],[135.831892,35.071456],[135.836591,35.078935],[135.838317,35.079079],[135.83985,35.08586],[135.835046,35.091327],[135.839286,35.099829],[135.842938,35.102515],[135.8444,35.113648],[135.84731,35.114165],[135.849866,35.120589],[135.849372,35.125762],[135.852294,35.134267],[135.85012,35.135258],[135.848765,35.142171],[135.852595,35.146043],[135.853881,35.151922],[135.856763,35.153615],[135.856089,35.159564],[135.848371,35.161328],[135.845313,35.165544],[135.842363,35.173907],[135.843349,35.178701],[135.840917,35.17973],[135.840213,35.181914],[135.841908,35.18984],[135.83733,35.196262],[135.835601,35.206509],[135.831046,35.210504],[135.832568,35.214138],[135.829964,35.215778],[135.830749,35.218408],[135.829308,35.220346],[135.830668,35.222667],[135.838056,35.226105],[135.837688,35.237204],[135.834526,35.241119],[135.839924,35.243851],[135.840153,35.247932],[135.843978,35.251492],[135.842533,35.253852],[135.846089,35.257112],[135.844673,35.261985],[135.847535,35.266665],[135.854933,35.271422],[135.85461,35.27558],[135.858362,35.27817],[135.858617,35.281244],[135.860755,35.28296],[135.858431,35.289229],[135.857084,35.289041],[135.851681,35.285968],[135.849203,35.279694],[135.840999,35.277814],[135.840082,35.275554],[135.834609,35.274079],[135.829623,35.276735],[135.820095,35.290795],[135.821367,35.297057],[135.819679,35.299307],[135.815062,35.300968],[135.814511,35.30701],[135.810159,35.309184],[135.811249,35.31353],[135.80929,35.316433],[135.803414,35.317323],[135.791136,35.323527],[135.790034,35.328219],[135.785909,35.330483],[135.780818,35.340562],[135.77905,35.339927],[135.774314,35.34282],[135.764072,35.344557],[135.767669,35.3531],[135.769721,35.354301],[135.768785,35.356014],[135.765804,35.355237],[135.763057,35.356269],[135.759639,35.353089],[135.745127,35.358906],[135.740235,35.358409],[135.740752,35.354045],[135.73637,35.351146],[135.731479,35.350552],[135.727797,35.352581],[135.72403,35.351842],[135.718385,35.355417],[135.716722,35.353471],[135.713082,35.353382],[135.710724,35.348001],[135.706449,35.345991],[135.704947,35.346571],[135.700883,35.343678],[135.692351,35.345941],[135.689952,35.347854],[135.684884,35.347387],[135.680854,35.349888],[135.675192,35.350272],[135.674079,35.352891],[135.669609,35.354218],[135.668198,35.357066],[135.660904,35.356407],[135.658409,35.359077],[135.649482,35.361229],[135.642056,35.366906],[135.636438,35.363719],[135.623471,35.369899],[135.614995,35.37106],[135.611707,35.369272],[135.611145,35.366801],[135.606906,35.371656],[135.599859,35.371164],[135.59573,35.372922],[135.593869,35.370482],[135.588102,35.368257],[135.57905,35.375087],[135.568241,35.374842],[135.564385,35.377695],[135.559395,35.376423],[135.552788,35.377869],[135.53698,35.376671],[135.527588,35.380113],[135.526155,35.386172],[135.531696,35.392967],[135.530163,35.397408],[135.527669,35.397802],[135.525148,35.40246],[135.530031,35.408647],[135.525793,35.420419],[135.520808,35.422926],[135.51566,35.421909],[135.510796,35.424561],[135.502049,35.420031],[135.499704,35.42415],[135.495276,35.42615],[135.496816,35.431126],[135.500789,35.433008],[135.497943,35.437424],[135.495539,35.438933],[135.488211,35.439138],[135.489354,35.441028],[135.486121,35.448573],[135.480621,35.448156],[135.470944,35.453963],[135.469452,35.458158],[135.462865,35.462158],[135.458346,35.468301],[135.459003,35.473168],[135.4669,35.483976],[135.469565,35.484726],[135.470436,35.489139],[135.472702,35.489959],[135.47478,35.488029],[135.476207,35.489447],[135.472576,35.501176],[135.476224,35.505493],[135.472846,35.508319],[135.46677,35.509313],[135.464083,35.512963],[135.454093,35.518113],[135.452165,35.520855],[135.449926,35.520796],[135.449442,35.526047],[135.454515,35.534046],[135.454161,35.537596],[135.460292,35.543866],[135.460484,35.548457],[135.466845,35.551914],[135.486599,35.557936],[135.481137,35.55917],[135.473692,35.556966],[135.471481,35.560922],[135.472722,35.563814],[135.466021,35.562055],[135.465227,35.564558],[135.468615,35.566325],[135.465259,35.569333],[135.465626,35.571013],[135.461094,35.571281],[135.458828,35.569484],[135.456968,35.571125],[135.455647,35.56851],[135.451732,35.567779],[135.449158,35.573761],[135.450149,35.57715],[135.447784,35.578515],[135.45372,35.584556],[135.456102,35.584746],[135.452105,35.591196],[135.457082,35.591941],[135.456071,35.594071],[135.457728,35.595703],[135.46312,35.592589],[135.460816,35.595749],[135.461453,35.598648],[135.464261,35.600073],[135.462474,35.60379],[135.459816,35.601745],[135.457082,35.601843],[135.454571,35.598351],[135.450851,35.599411],[135.449612,35.593499],[135.447834,35.592651],[135.446249,35.593637],[135.444655,35.590857],[135.442568,35.591797],[135.441098,35.589882],[135.439708,35.591464],[135.439595,35.58992],[135.43413,35.590831],[135.435409,35.586405],[135.433983,35.58458],[135.435572,35.582037],[135.430627,35.57896],[135.429634,35.580605],[135.428908,35.579503],[135.426215,35.580357],[135.428869,35.577281],[135.425068,35.574317],[135.425325,35.570436],[135.427855,35.569492],[135.426647,35.56645],[135.412756,35.570289],[135.402135,35.561229],[135.398453,35.566818],[135.397008,35.565391],[135.399905,35.56333],[135.39909,35.560808],[135.389819,35.556646],[135.384641,35.561005],[135.383573,35.560192],[135.379323,35.561965],[135.37727,35.558798],[135.367252,35.551528],[135.357166,35.54937],[135.351697,35.54405],[135.348138,35.542839],[135.343923,35.544411],[135.344218,35.550795],[135.342353,35.551817],[135.338619,35.547317],[135.336202,35.533918],[135.337411,35.525146],[135.341997,35.521945],[135.348715,35.521353],[135.349756,35.518889],[135.348023,35.516396],[135.343959,35.515696],[135.3436202,35.513936],[135.3474504,35.5097397],[135.34223,35.507764],[135.345038,35.506273],[135.343582,35.504044],[135.350543,35.504851],[135.355457,35.502295],[135.358874,35.505354],[135.363986,35.50411],[135.365616,35.505613],[135.368983,35.504833],[135.372187,35.50624],[135.377905,35.504616],[135.379813,35.502318],[135.383767,35.504151],[135.383542,35.508755],[135.388842,35.516364],[135.395041,35.516782],[135.396657,35.514609],[135.393321,35.510337],[135.39403,35.508624],[135.390869,35.508667],[135.390805,35.506273],[135.394381,35.499578],[135.401424,35.501114],[135.397849,35.4963],[135.400435,35.49454],[135.402435,35.495429],[135.396129,35.48975],[135.394901,35.48457],[135.398221,35.478883],[135.391891,35.477142],[135.391258,35.477982],[135.393636,35.478573],[135.3917712,35.4828296],[135.3896603,35.4822749],[135.3899848,35.4803637],[135.3852963,35.4786382],[135.3869379,35.4766222],[135.3859964,35.4751718],[135.383735,35.476938],[135.380587,35.475667],[135.379899,35.477556],[135.371597,35.47696],[135.372616,35.481427],[135.377285,35.480996],[135.378552,35.483248],[135.377059,35.484624],[135.379827,35.483106],[135.377405,35.485176],[135.381045,35.483071],[135.382644,35.484886],[135.378759,35.487818],[135.379417,35.49067],[135.374786,35.491737],[135.372943,35.488647],[135.371524,35.490233],[135.368693,35.488989],[135.366828,35.490273],[135.360529,35.48756],[135.359344,35.488845],[135.354639,35.488444],[135.352856,35.490477],[135.354322,35.492278],[135.350926,35.491613],[135.347376,35.494564],[135.350412,35.490497],[135.348055,35.48955],[135.349514,35.486347],[135.34601,35.48378],[135.34228,35.483243],[135.340781,35.479992],[135.346142,35.48232],[135.348757,35.481732],[135.345622,35.479148],[135.347297,35.475197],[135.337491,35.473097],[135.334063,35.469416],[135.331077,35.468731],[135.330067,35.465318],[135.326179,35.464765],[135.327395,35.459964],[135.32474,35.45893],[135.325879,35.456448],[135.322823,35.456403],[135.320965,35.457943],[135.321734,35.45256],[135.317715,35.453511],[135.318408,35.451667],[135.316721,35.451182],[135.315966,35.453063],[135.313377,35.4524],[135.310683,35.458026],[135.314817,35.459896],[135.316245,35.458815],[135.317393,35.466879],[135.319364,35.469086],[135.318714,35.470711],[135.315328,35.471596],[135.317998,35.473546],[135.319746,35.472807],[135.321915,35.475834],[135.319962,35.478164],[135.316876,35.476067],[135.316772,35.479451],[135.322879,35.481594],[135.324932,35.480783],[135.325577,35.482645],[135.3235,35.482965],[135.325082,35.484537],[135.322969,35.486648],[135.323889,35.489134],[135.329973,35.4921],[135.33218,35.495258],[135.333111,35.50342],[135.334821,35.504527],[135.331408,35.509618],[135.331871,35.515845],[135.326977,35.517738],[135.326877,35.521072],[135.32338,35.525912],[135.317161,35.522849],[135.316371,35.518986],[135.31074,35.512355],[135.296518,35.515781],[135.289363,35.515917],[135.28295,35.52036],[135.272008,35.525002],[135.273252,35.528701],[135.269424,35.530467],[135.269423,35.533378],[135.245323,35.535521],[135.241416,35.538576],[135.23775,35.544189],[135.236503,35.549997],[135.237688,35.554603],[135.242395,35.560118],[135.247198,35.561694],[135.251265,35.560616],[135.252087,35.55797],[135.249262,35.556921],[135.249191,35.555398],[135.253747,35.552329],[135.254407,35.555592],[135.262951,35.553829],[135.265114,35.556719],[135.274753,35.560227],[135.269787,35.564002],[135.268927,35.567013],[135.254862,35.567637],[135.250754,35.570613],[135.24995,35.574502],[135.253439,35.577601],[135.250743,35.577746],[135.248089,35.579959],[135.247115,35.583133],[135.249622,35.584265],[135.247406,35.586395],[135.250528,35.589125],[135.256183,35.588137],[135.255065,35.591826],[135.256498,35.592833],[135.256224,35.598273],[135.254494,35.599627],[135.251365,35.598206],[135.25096,35.594067],[135.24791,35.590877],[135.245863,35.591215],[135.244783,35.58829],[135.240659,35.587414],[135.241952,35.5851],[135.237701,35.581601],[135.231388,35.583235],[135.229387,35.586117],[135.227972,35.585547],[135.230137,35.577023],[135.227859,35.575186],[135.225358,35.567919],[135.221387,35.568191],[135.215616,35.565897],[135.212745,35.562604],[135.207625,35.562864],[135.204288,35.559827],[135.204,35.555281],[135.209545,35.552698],[135.21088,35.548289],[135.208895,35.542959],[135.205661,35.539758],[135.20286,35.539499],[135.2020103,35.537486],[135.198888,35.536938],[135.197881,35.539233],[135.192577,35.54022],[135.191047,35.544549],[135.18735,35.547435],[135.185438,35.560286],[135.182792,35.558611],[135.170623,35.563517],[135.158955,35.552246],[135.154328,35.555247],[135.155331,35.55687],[135.160333,35.555301],[135.162396,35.557665],[135.158201,35.558897],[135.159403,35.559572],[135.155894,35.561838],[135.158106,35.568801],[135.165182,35.568245],[135.170448,35.57224],[135.179044,35.573638],[135.194241,35.581562],[135.197141,35.579916],[135.197797,35.577296],[135.187969,35.565264],[135.18629,35.559247],[135.1879415,35.5584714],[135.189777,35.5664467],[135.198555,35.577274],[135.2052136,35.5820332],[135.206902,35.587622],[135.212248,35.593064],[135.213746,35.597443],[135.223857,35.601945],[135.226356,35.606256],[135.233454,35.611424],[135.235324,35.61613],[135.241153,35.617758],[135.244627,35.620498],[135.246456,35.626817],[135.245646,35.629758],[135.250562,35.640108],[135.251119,35.645759],[135.257331,35.654576],[135.262677,35.660355],[135.264488,35.66028],[135.263691,35.662444],[135.267375,35.666695],[135.274868,35.667467],[135.275334,35.672059],[135.279958,35.67046],[135.277741,35.669075],[135.280128,35.668798],[135.283079,35.670229],[135.287399,35.675828],[135.287802,35.673982],[135.289197,35.675025],[135.291441,35.673566],[135.293754,35.674559],[135.295011,35.671117],[135.291319,35.668814],[135.290777,35.666284],[135.287303,35.665692],[135.287721,35.664608],[135.291036,35.664911],[135.294728,35.659775],[135.299007,35.660767],[135.299288,35.662855],[135.30338,35.662933],[135.298463,35.673631],[135.300784,35.676106],[135.298448,35.679461],[135.304424,35.686779],[135.304912,35.693107],[135.30698,35.693587],[135.306359,35.691955],[135.30864,35.693593],[135.30664,35.699084],[135.299152,35.700536],[135.2919,35.706287],[135.289702,35.706316],[135.289183,35.704801],[135.286173,35.705128],[135.285721,35.706719],[135.288077,35.708696],[135.286359,35.710733],[135.289387,35.715281],[135.28794,35.716443],[135.289547,35.718598],[135.287816,35.722289],[135.288869,35.724399],[135.285454,35.726507],[135.285229,35.729357],[135.281451,35.727927],[135.27873,35.731693],[135.275012,35.730039],[135.273313,35.731128],[135.273106,35.734571],[135.275508,35.73476],[135.273656,35.735879],[135.2746,35.742741],[135.270391,35.741591],[135.267425,35.742334],[135.265979,35.744825],[135.256966,35.744494],[135.250863,35.75136],[135.251696,35.753494],[135.253255,35.753301],[135.251994,35.754768],[135.255364,35.756203],[135.255153,35.758995],[135.25074,35.759454],[135.250498,35.756963],[135.246689,35.757235],[135.246117,35.759823],[135.23912,35.763654],[135.23924,35.766755],[135.23634,35.766305],[135.231136,35.773069],[135.225892,35.774655],[135.223903,35.7793],[135.221221,35.77904],[135.219376,35.776294],[135.221815,35.7718],[135.207004,35.763884],[135.197263,35.764537],[135.196397,35.767439],[135.194057,35.767686],[135.189846,35.76331],[135.186429,35.766384],[135.186482,35.762959],[135.183162,35.760307],[135.177569,35.7603],[135.175575,35.761685],[135.173749,35.758204],[135.170902,35.757214],[135.167166,35.757673],[135.165977,35.759496],[135.164116,35.755222],[135.159452,35.753536],[135.15537,35.75449],[135.154165,35.752153],[135.150505,35.752594],[135.146123,35.749805],[135.141203,35.751588],[135.139549,35.757283],[135.136676,35.757183],[135.132867,35.75485],[135.135016,35.752949],[135.133192,35.750749],[135.124682,35.745965],[135.12045,35.746051],[135.114034,35.743717],[135.110784,35.744633],[135.110436,35.746954],[135.107709,35.743516],[135.104837,35.74411],[135.104614,35.742546],[135.100458,35.741103],[135.094397,35.742845],[135.093707,35.740628],[135.091617,35.740709],[135.09337,35.74042],[135.092842,35.737982],[135.089642,35.740145],[135.085741,35.739779],[135.083967,35.736964],[135.082115,35.738313],[135.081528,35.736677],[135.085173,35.736552],[135.084526,35.734637],[135.087523,35.731545],[135.084545,35.724765],[135.08026,35.721573],[135.077913,35.721492],[135.074759,35.718097],[135.067993,35.71811],[135.065858,35.711808],[135.062598,35.712959],[135.063325,35.710243],[135.061418,35.709161],[135.06185,35.707832],[135.056529,35.706816],[135.050741,35.703249],[135.046059,35.702967],[135.042918,35.699969],[135.039345,35.700289],[135.037089,35.702545],[135.033729,35.701318],[135.030071,35.696971],[135.031288,35.695178],[135.030308,35.692221],[135.027324,35.690214],[135.02372,35.689623],[135.01808,35.692835],[135.017835,35.691314],[135.014982,35.690281],[135.013371,35.694035],[135.010208,35.692836],[135.002841,35.694021],[134.999594,35.691167],[134.992236,35.68978],[134.991152,35.691543],[134.988493,35.69098],[134.985542,35.692832],[134.983942,35.69055],[134.984905,35.688975],[134.982303,35.687838],[134.981514,35.68464],[134.978625,35.683554],[134.97882,35.681763],[134.973664,35.683031],[134.972127,35.675828],[134.968735,35.676227],[134.968393,35.674747],[134.966662,35.676093],[134.965299,35.674892],[134.967585,35.672761],[134.96476,35.67304],[134.963693,35.671824],[134.967137,35.669428],[134.966622,35.666428],[134.961749,35.661363],[134.951076,35.656055],[134.942824,35.65376],[134.942829,35.652354],[134.936625,35.650174],[134.934269,35.650909],[134.932498,35.648765],[134.923504,35.646279],[134.908692,35.645232],[134.900924,35.648561],[134.902784,35.645032],[134.900349,35.643144],[134.900544,35.641474],[134.911523,35.642731],[134.919357,35.641958],[134.925168,35.639129],[134.926757,35.633545],[134.928727,35.633261],[134.923786,35.628531],[134.918262,35.629103],[134.914151,35.619678],[134.9055,35.615835],[134.904336,35.612847],[134.905686,35.609845],[134.907786,35.61006],[134.907695,35.608238],[134.909758,35.608349],[134.910018,35.605851],[134.905218,35.606896],[134.901252,35.605406],[134.900027,35.608165],[134.896011,35.609097],[134.893595,35.608005],[134.888571,35.612409],[134.888889,35.613487],[134.892006,35.61211],[134.891633,35.613829],[134.89521,35.613969],[134.89256,35.617106],[134.897664,35.617995],[134.903754,35.630357],[134.908307,35.630446],[134.909856,35.63282],[134.909597,35.633976],[134.902112,35.63125],[134.901721,35.633231],[134.897573,35.634588],[134.88786,35.628477],[134.888946,35.634879],[134.892265,35.635588],[134.889094,35.635667],[134.894515,35.637907],[134.896269,35.640192],[134.897953,35.63814],[134.899074,35.643122],[134.902029,35.645345],[134.901448,35.64691],[134.899131,35.64811],[134.894843,35.64546],[134.891861,35.648684],[134.889019,35.646745],[134.887604,35.647955],[134.88717,35.646452],[134.884443,35.646256],[134.883114,35.649497],[134.884789,35.650336],[134.883783,35.651542],[134.885645,35.656642],[134.883776,35.656899],[134.882897,35.655412],[134.880262,35.656464],[134.882588,35.65853],[134.879475,35.660869],[134.876355,35.659162],[134.870174,35.659663],[134.8675079789888,35.65808573473408],[134.864101,35.651658],[134.867689,35.649679],[134.865834,35.645481],[134.867084,35.641418],[134.86579,35.638336],[134.867427,35.636142],[134.871259,35.636446],[134.870314,35.63136],[134.873877,35.620929],[134.870677,35.614832],[134.866379,35.613434],[134.867458,35.608987],[134.865357,35.599013],[134.860364,35.594518],[134.855237,35.593272],[134.856387,35.591843],[134.853727,35.58908],[134.856117,35.586551],[134.862594,35.587051],[134.862409,35.584041],[134.868955,35.579769],[134.867758,35.576139],[134.871968,35.576402],[134.875763,35.573952],[134.881212,35.567384],[134.881052,35.564034],[134.887748,35.560076],[134.890753,35.561322],[134.892915,35.558992],[134.900876,35.556063],[134.903054,35.549443],[134.906791,35.548322],[134.907462,35.546676],[134.914569,35.545309],[134.914874,35.54185],[134.917973,35.540851],[134.919292,35.538121],[134.917468,35.535719],[134.918056,35.530753],[134.915129,35.527708],[134.923151,35.52169],[134.923295,35.516369],[134.9268994,35.5125279],[134.930064,35.511677],[134.932852,35.513283],[134.936433,35.512433],[134.94211,35.514201],[134.949206,35.513918],[134.954217,35.516162],[134.958291,35.512924],[134.960548,35.512928],[134.963436,35.514525],[134.965343,35.519896],[134.971718,35.524191],[134.974395,35.525114],[134.979495,35.524065],[134.98204,35.528451],[134.988337,35.529585],[134.993133,35.534204],[134.996409,35.53523],[135.001577,35.534312],[135.00485,35.535722],[135.008008,35.533633],[135.015697,35.537492],[135.030032,35.540268],[135.036947,35.538569],[135.036191,35.53061],[135.039204,35.528791],[135.040683,35.521909],[135.042961,35.520009],[135.042901,35.511187],[135.045156,35.508693],[135.041161,35.503622],[135.037919,35.502506],[135.032164,35.497158],[135.041416,35.494612],[135.042704,35.492269],[135.040133,35.481661],[135.035665,35.480228],[135.035099,35.476631],[135.035344,35.474976],[135.039039,35.474928],[135.041032,35.473314],[135.041493,35.467856],[135.044622,35.463642],[135.04341,35.462042],[135.045277,35.455309],[135.049799,35.451071],[135.051835,35.442539],[135.049381,35.440137],[135.047097,35.429923],[135.048385,35.426319],[135.047051,35.423649],[135.050184,35.419836],[135.049167,35.407743],[135.046685,35.407074],[135.038398,35.409754],[135.030034,35.4101],[135.029721,35.405581],[135.023592,35.401041],[135.019241,35.394123],[135.016204,35.393059],[135.014002,35.394111],[135.011644,35.391632],[135.00558,35.390788],[135.001966,35.38705],[134.991081,35.385635],[134.987074,35.388878],[134.988636,35.393301],[134.985478,35.396214],[134.980756,35.398368],[134.970947,35.398951],[134.959553,35.408967],[134.954788,35.408517],[134.946149,35.41331],[134.933568,35.40707],[134.931539,35.4014],[134.927541,35.399361],[134.925551,35.393979],[134.923408,35.394282],[134.922981,35.391062],[134.926552,35.385692],[134.927207,35.379766],[134.918928,35.364515],[134.923449,35.354004],[134.918867,35.350125],[134.917149,35.340292],[134.925583,35.336678],[134.928061,35.330239],[134.924761,35.326719],[134.926381,35.322206],[134.921319,35.317409],[134.921604,35.315134],[134.9247,35.31166],[134.934243,35.307752],[134.940904,35.308746],[134.945681,35.307352],[134.947123,35.303933],[134.951676,35.302906],[134.955209,35.299682],[134.960053,35.297912],[134.966236,35.297888],[134.967906,35.295951],[134.986443,35.292586],[134.992859,35.289054],[134.999117,35.290938],[134.999878,35.287331],[135.007512,35.285524],[135.011727,35.28112],[135.011972,35.276172],[135.009411,35.270882],[135.010851,35.269582],[135.018292,35.269265],[135.023965,35.265164],[135.028669,35.265018],[135.03747,35.260689],[135.042291,35.26413],[135.049593,35.261963],[135.054592,35.264919],[135.056789,35.264603],[135.055822,35.259211],[135.061379,35.251739],[135.060609,35.248685],[135.064337,35.246436],[135.064214,35.242369],[135.067875,35.237351],[135.072871,35.23955],[135.074992,35.243552],[135.080073,35.24406],[135.0829,35.24638],[135.085423,35.253191],[135.089605,35.254467],[135.093346,35.25978],[135.098904,35.25882],[135.10877,35.26628],[135.112716,35.264024],[135.119463,35.262595],[135.122836,35.263246],[135.128674,35.260717],[135.134792,35.264993],[135.137764,35.26525],[135.14198,35.26228],[135.147014,35.263997],[135.15753,35.261093],[135.161979,35.257818],[135.161215,35.253703],[135.166011,35.246265],[135.166858,35.240345],[135.161981,35.231241],[135.156472,35.229828],[135.154778,35.226502],[135.163067,35.220091],[135.170967,35.220267],[135.175131,35.214601],[135.182312,35.215924],[135.187214,35.211278],[135.188835,35.206829],[135.191814,35.20424],[135.193617,35.204795],[135.197058,35.203017],[135.200132,35.19552],[135.199104,35.193582],[135.192894,35.194071],[135.186713,35.190224],[135.19014,35.183186],[135.188247,35.181379],[135.186867,35.173166],[135.187259,35.171759],[135.194861,35.171293],[135.198944,35.168358],[135.200349,35.165219],[135.203793,35.164622],[135.206213,35.160685],[135.213445,35.162537],[135.220038,35.162357],[135.22801,35.165334],[135.232189,35.177504],[135.236408,35.177683],[135.237858,35.176288],[135.249216,35.17688],[135.24996,35.178049],[135.253564,35.176436],[135.257489,35.177591],[135.260023,35.175926],[135.266093,35.175525],[135.273985,35.177263],[135.276688,35.174674],[135.280363,35.174891],[135.283432,35.171453],[135.289784,35.171754],[135.291966,35.160494],[135.287981,35.158234],[135.283393,35.150886],[135.278376,35.151023],[135.27993,35.146967],[135.287771,35.142643],[135.293978,35.14157],[135.297368,35.143639],[135.303837,35.142798],[135.307619,35.144832],[135.324032,35.146603],[135.326958,35.149257],[135.340458,35.150093],[135.340844,35.145536],[135.337421,35.144015],[135.339942,35.140848],[135.339666,35.137931],[135.34247,35.135874],[135.354712,35.136655],[135.360029,35.132081],[135.367972,35.131061],[135.370254,35.132181],[135.372562,35.128969],[135.38222,35.129798],[135.38981,35.128765],[135.391204,35.126484],[135.385966,35.119986],[135.387222,35.116487],[135.392175,35.113595],[135.393344,35.110794],[135.389172,35.108334],[135.388026,35.097125],[135.390509,35.098795],[135.397319,35.09585],[135.404347,35.08885],[135.400109,35.085958],[135.398689,35.081707],[135.399686,35.076163],[135.395591,35.075738],[135.393477,35.073072],[135.386746,35.072487],[135.376614,35.066024],[135.377382,35.061021],[135.371557,35.058809],[135.368729,35.05489],[135.371246,35.045289],[135.376221,35.043979],[135.380096,35.039004],[135.382047,35.02764],[135.379307,35.023879],[135.379976,35.022118],[135.37765,35.020337],[135.381693,35.010247],[135.389064,35.011408],[135.393987,35.008743],[135.397474,35.010642],[135.403247,35.006692],[135.409767,35.011526],[135.418339,35.002926],[135.421013,35.002156],[135.433487,35.00792],[135.440184,35.007693],[135.442665,35.005741],[135.44815,35.004819],[135.45197,35.001751],[135.459873,35.001587],[135.471222,34.994805],[135.481886,34.995146],[135.482984,34.992773],[135.486921,34.992515],[135.488911,34.990019],[135.493056,34.989068],[135.493056,34.98767],[135.487478,34.985773],[135.483163,34.981868],[135.487414,34.975444],[135.488263,34.967294],[135.490916,34.968022],[135.486252,34.963923],[135.487122,34.966771],[135.483712,34.964742],[135.481936,34.96523],[135.481166,34.962399],[135.484454,34.960438],[135.485339,34.957338],[135.487329,34.957167],[135.481137,34.949739],[135.488499,34.946292],[135.490418,34.941794],[135.494355,34.940855],[135.499675,34.941345],[135.504198,34.946398],[135.5108,34.943803],[135.514594,34.94412],[135.515021,34.936922],[135.517271,34.93348],[135.521136,34.933539],[135.524985,34.928903],[135.538146,34.9254],[135.536065,34.920469],[135.541314,34.915226],[135.544151,34.917457],[135.54853,34.916771],[135.54947,34.918554],[135.553408,34.915536],[135.560826,34.917922],[135.572451,34.916407],[135.581258,34.922452],[135.581053,34.937036],[135.5718,34.939064],[135.567263,34.936723],[135.564684,34.933024],[135.5628,34.933418],[135.565556,34.937407],[135.564712,34.942364],[135.562394,34.941595],[135.562017,34.937997],[135.558674,34.935312],[135.558885,34.932849],[135.557327,34.934686],[135.558617,34.937219],[135.557187,34.938692],[135.562382,34.943756],[135.561178,34.946448],[135.563131,34.953664],[135.566407,34.952881],[135.568458,34.954754],[135.578578,34.955885],[135.578288,34.960587],[135.573615,34.960945],[135.571231,34.963916],[135.570927,34.969788],[135.572731,34.971238],[135.580306,34.974347],[135.582552,34.976756],[135.584769,34.976088],[135.589242,34.967221],[135.592365,34.96604],[135.594761,34.969711],[135.597384,34.969097],[135.603471,34.971208],[135.607644,34.969329],[135.613264,34.971195],[135.618706,34.958136],[135.616532,34.957599],[135.616124,34.952794],[135.612627,34.946686],[135.613975,34.945971],[135.611523,34.943898],[135.613149,34.941704],[135.610997,34.942187],[135.610801,34.93974],[135.608497,34.939585],[135.6062,34.935043],[135.603439,34.936034],[135.599322,34.928292],[135.615199,34.927625],[135.62375,34.934908],[135.627576,34.93359],[135.629159,34.935057],[135.632806,34.934706],[135.636574,34.931038],[135.638479,34.932123],[135.642765,34.930662],[135.644887,34.927591],[135.64947,34.925133],[135.650821,34.919898],[135.653514,34.91729],[135.653253,34.91621],[135.648249,34.916854],[135.648502,34.909547],[135.653709,34.909578],[135.661577,34.903846],[135.664023,34.904973],[135.663907,34.902176],[135.66681,34.904347],[135.67577,34.899301],[135.67514,34.894923],[135.676997,34.895186],[135.679725,34.889603],[135.682694,34.887842],[135.679922,34.881341],[135.682201,34.880537],[135.683519,34.877633],[135.682179,34.87264],[135.691118,34.868889],[135.691382,34.861381],[135.694849,34.860886],[135.690651,34.856519],[135.694914,34.848282],[135.702257,34.85173],[135.707721,34.849272],[135.710171,34.84663],[135.711054,34.841339],[135.715687,34.837862],[135.724168,34.823284],[135.732493,34.822419],[135.735085,34.81989],[135.738021,34.811915],[135.746025,34.803642],[135.745982,34.798721],[135.743375,34.793878],[135.740653,34.793401],[135.739481,34.791177],[135.740776,34.788469],[135.732294,34.782749],[135.728635,34.777998]]]}},{"type":"Feature","properties":{"parentIso":"PRT","name":"Lisbon"},"geometry":{"type":"Polygon","coordinates":[[[-9.340576308701277,39.291934537910905],[-9.343001525162464,39.28778609912949],[-9.338771451099248,39.28645171813167],[-9.336674279789568,39.28311389311704],[-9.335930104628778,39.268080075221064],[-9.341354125884084,39.24456077840554],[-9.343767538359858,39.24076179673398],[-9.340567244385856,39.237183206455555],[-9.339564528716323,39.23273528390134],[-9.341523497311195,39.230138885723825],[-9.339928862638146,39.228993545047096],[-9.340378424292068,39.22550311642217],[-9.34423595024497,39.214141231051414],[-9.347097245945239,39.212877463679014],[-9.34539986116553,39.20978749971607],[-9.34619809919912,39.20437510610448],[-9.35585531477082,39.18351272669047],[-9.358404059611413,39.181727940601235],[-9.356342771953775,39.17876408116697],[-9.35686391031066,39.17725254566705],[-9.359161964417945,39.17731635659324],[-9.358023045397317,39.1760444969343],[-9.359652397296582,39.17084363912562],[-9.36680290269628,39.161460064507004],[-9.374985281298986,39.14560908911532],[-9.393908190144185,39.12152051270952],[-9.392705171868613,39.11782335701968],[-9.394512054997273,39.11212512580087],[-9.405995198495672,39.097127989490474],[-9.414906863554659,39.088464614775766],[-9.414640568374187,39.086282161755626],[-9.421980034071439,39.07463905762562],[-9.416237694746407,39.063653272518486],[-9.415257640413328,39.0570132163285],[-9.41787617824347,39.050693520046906],[-9.41611668750078,39.04318160309561],[-9.419599155952284,39.03592838815758],[-9.418752556101508,39.03235991956902],[-9.424012766289387,39.02389006315957],[-9.424983620413192,39.0191422597872],[-9.421874008072495,39.01195726516618],[-9.426750150587452,39.0088856491955],[-9.425090205544375,39.00488181865716],[-9.427355838141809,39.00460501557946],[-9.42778276705584,39.002253815509526],[-9.42446595027661,38.99954351158882],[-9.42596489232434,38.995625874046326],[-9.419217373127976,38.98715647245334],[-9.422650299435805,38.97936899862642],[-9.420341142865523,38.97662876531435],[-9.421584268091646,38.970203949401345],[-9.41991694821188,38.96590834530489],[-9.42331129491872,38.9636270333475],[-9.419831267960655,38.965031627127914],[-9.418828255464609,38.96308352344243],[-9.42035439897123,38.96091241905837],[-9.415779327848124,38.95896035472676],[-9.415918728497383,38.95617584331449],[-9.417457215945142,38.95604433385161],[-9.415238743734557,38.949355453837995],[-9.415699431804288,38.94425235485977],[-9.41978377595064,38.938146889365214],[-9.41964137445622,38.93256321947678],[-9.423609542600868,38.92697907194522],[-9.426000651042859,38.91882979303326],[-9.431384413194708,38.91178029704293],[-9.435502202388966,38.9004896423508],[-9.43478702362532,38.89693612479728],[-9.436457086086683,38.897938004069154],[-9.439226833322211,38.89366546643193],[-9.439382223261596,38.88729904445738],[-9.444137154046109,38.879971537634624],[-9.444198315386549,38.87458246793921],[-9.451364601689756,38.867082517025274],[-9.449229417311185,38.86393594190538],[-9.450606647778555,38.86015710873061],[-9.46238151856399,38.84031520106924],[-9.467161141682135,38.83575424875682],[-9.47023784538843,38.82656579346066],[-9.473148219789525,38.82450835593545],[-9.476370574064894,38.81634013323095],[-9.4803937395853,38.81037866817136],[-9.484309510195914,38.80766711388255],[-9.484534009937953,38.80243290523304],[-9.489471484315645,38.80063269274492],[-9.489795701963086,38.795087366765266],[-9.4936668893327,38.79389935659539],[-9.491930672848149,38.79271969563853],[-9.493499328290195,38.79265449396063],[-9.492308023277642,38.790289506184685],[-9.496534645745337,38.788074732324795],[-9.495691592982753,38.78586865306435],[-9.500526606272022,38.7807093939241],[-9.498226930137731,38.77653063291622],[-9.497861953143678,38.7774185342564],[-9.496442504725486,38.77569478501779],[-9.49662995499065,38.776600550046126],[-9.493342362231207,38.77551396061729],[-9.495124599486118,38.76867523768175],[-9.493378885059506,38.76847752052839],[-9.493486525838485,38.76626583243996],[-9.493152799136837,38.767291168830766],[-9.490923206484643,38.765971399441675],[-9.491195517905465,38.76298134915157],[-9.489338276566368,38.76174738277125],[-9.487792979512657,38.762409357534885],[-9.487391319568248,38.760516858859134],[-9.484699797000404,38.76157246654968],[-9.483777485365176,38.75734790472968],[-9.478502752861724,38.756038219252105],[-9.47886128085048,38.75446947864465],[-9.476342886072437,38.75475996925094],[-9.47726656702383,38.753133836859874],[-9.474051665953839,38.753459494876246],[-9.473087729661561,38.75177120206949],[-9.474392652660285,38.75079015948332],[-9.471919011054098,38.74996770097418],[-9.47331860590641,38.743837332046155],[-9.471971616026297,38.74149767199159],[-9.473759402912947,38.7403437396407],[-9.47212291146285,38.73671977327392],[-9.475462675404664,38.72920093544066],[-9.47713154807662,38.72870911306214],[-9.477202447791132,38.72455563033814],[-9.479784796003752,38.723031797934574],[-9.479069966594658,38.7202526489977],[-9.48449934027181,38.71493205503313],[-9.486048369335766,38.707884074838844],[-9.482534780070042,38.705202988943505],[-9.479723649462185,38.7050300530915],[-9.480450967780973,38.70402651075391],[-9.477468537631074,38.701838156361745],[-9.475095974929475,38.7022126804522],[-9.467027987152713,38.699085683329834],[-9.460261431494176,38.69508618178813],[-9.445371364506824,38.694465960180054],[-9.43969995141068,38.695764656067674],[-9.430232476480043,38.68991088991954],[-9.430167450705222,38.69082156409824],[-9.426828201209002,38.68937395004082],[-9.420818642698565,38.690060344172885],[-9.421364357506258,38.69171948451034],[-9.417920912527117,38.6899529059073],[-9.41368586958786,38.693201539907875],[-9.416640123544044,38.69465336056012],[-9.41821294386202,38.693976204599934],[-9.419956095778597,38.6963818749138],[-9.41783874299748,38.69706068629851],[-9.41703061844457,38.70007927834283],[-9.410207519900318,38.70186445094883],[-9.408513282835244,38.70113879349207],[-9.405775047724585,38.70364022804498],[-9.39911998184659,38.70251497802861],[-9.398869367942558,38.701024584665525],[-9.397996661595535,38.70207085505789],[-9.392177535194342,38.70202640968593],[-9.387750423504498,38.69898261622605],[-9.373322883168544,38.69375009341013],[-9.372376588076811,38.6920657891357],[-9.370796978870178,38.69374805731015],[-9.366298266942175,38.69201977217459],[-9.35840147455015,38.68634784589543],[-9.349920047729555,38.6840020719615],[-9.346754916645404,38.68072294557781],[-9.342785156690404,38.68168020398113],[-9.335712438210674,38.679694777467695],[-9.326926218380418,38.67602469935201],[-9.327007627922425,38.67432001620011],[-9.323824324583763,38.67314690523812],[-9.322761743272821,38.675896628982805],[-9.318398906896029,38.674908451857426],[-9.316463285231366,38.67598151353098],[-9.317020980680585,38.67815576199856],[-9.313880150292269,38.68402214348566],[-9.305279399924396,38.68462171559878],[-9.298194597202585,38.68973526488944],[-9.293475295555876,38.6905911770775],[-9.28924107015803,38.69562747233511],[-9.280582714507506,38.698700003832656],[-9.27605215510434,38.69697196867853],[-9.257159934053108,38.69997555527996],[-9.251164729908623,38.698511592543184],[-9.25126016185806,38.697488297193395],[-9.249519253629114,38.69921931195068],[-9.238983289398396,38.698198707733845],[-9.234335455788404,38.69373266402658],[-9.232186806364805,38.696091354154056],[-9.230030449114667,38.6947478861819],[-9.237942946906918,38.68258375448775],[-9.229600446988377,38.68003265081701],[-9.207784201574434,38.6814651407303],[-9.195774216687944,38.688952844564106],[-9.182956137981556,38.69230649715917],[-9.17083252555503,38.69225571999904],[-9.159975766490907,38.6955363535817],[-9.146549945684374,38.694432932786476],[-9.141216518663935,38.69564680021814],[-9.113633879173861,38.70925733544127],[-9.105582230889436,38.719940176885515],[-9.099754351760593,38.724871741807114],[-9.09001124773066,38.75457758817266],[-9.08633277335607,38.79622531757382],[-9.068371854755783,38.8163337420067],[-9.047484297018517,38.83144843200167],[-9.028342703830685,38.859090632923625],[-9.025375515045209,38.86027382986314],[-9.028455369423199,38.84840152734697],[-9.019999466207974,38.8250348375297],[-9.016457041114053,38.82789923892858],[-9.008970529792977,38.81102501882314],[-9.004940702372206,38.814365730876474],[-9.001042256500494,38.80824665199336],[-8.995926659854574,38.793250801383024],[-8.97582276380225,38.81458170132142],[-8.96846608441095,38.82776495730352],[-8.96240207348485,38.83816884788209],[-8.945349128503556,38.84817431744349],[-8.93292947681221,38.86804715311479],[-8.91924929424536,38.87925633320366],[-8.91137902391253,38.888326740322036],[-8.910062789013516,38.894470476444404],[-8.911954893765358,38.89982578815777],[-8.911262996742458,38.90335492896689],[-8.903543288863663,38.91482449637215],[-8.894198501472125,38.92088454215191],[-8.89128466985237,38.92511064297177],[-8.890676519211258,38.927871566854655],[-8.894302753019302,38.9332189145368],[-8.8913887676112,38.94448022889878],[-8.885564090457216,38.9480770790704],[-8.87003310722287,38.951035995331694],[-8.850668798207602,38.959889037906606],[-8.852210532446552,38.963435457111494],[-8.876860598091435,38.969533559655105],[-8.878367429219315,38.97175420209331],[-8.87666590140779,38.974839091558955],[-8.863226398841942,38.979968705962484],[-8.864758290878433,38.98933866250426],[-8.860424080988102,38.99836299723871],[-8.848629086321926,39.008513700323014],[-8.847102152280668,39.013819764221715],[-8.84167172971959,39.016605638642694],[-8.842399902751888,39.01881543082305],[-8.847677115603895,39.01848960820331],[-8.860769220093434,39.0254636462455],[-8.860694730093709,39.02865646086203],[-8.844481764866662,39.02992456309866],[-8.825593522409843,39.027800623663126],[-8.818582338242281,39.02929269063814],[-8.81475863241043,39.0324547978883],[-8.808492166852071,39.04507651001072],[-8.800973884063987,39.053898854793424],[-8.79418699304448,39.05695321733573],[-8.781861004317745,39.058387035340324],[-8.793753017865805,39.07958160095039],[-8.80518369409443,39.09050664547469],[-8.804060242499286,39.09098304711615],[-8.805429386319277,39.09220321515247],[-8.797815218729435,39.09576021291778],[-8.804063260106172,39.09917535760207],[-8.807559666615633,39.10448401208675],[-8.819839347262572,39.11207759178871],[-8.821593181370819,39.110852446194855],[-8.825759786764735,39.11559162468392],[-8.829683494845728,39.111900308523836],[-8.835797854808694,39.11329679129543],[-8.845233207909553,39.11652269433835],[-8.860364943709154,39.128280986061995],[-8.868034726421957,39.128615385929045],[-8.873116335661107,39.13228104803516],[-8.879225227513654,39.141258260824095],[-8.881653851841488,39.14897461843762],[-8.887624830473024,39.1536250555726],[-8.889838157371193,39.15316382392564],[-8.892421352413125,39.157939284152235],[-8.898198144401393,39.159763805521315],[-8.898632579886636,39.16197988971601],[-8.904484817170946,39.16249067220632],[-8.906964619367264,39.166474954575406],[-8.909124737610187,39.16634743230991],[-8.912684415582405,39.170162789478496],[-8.912977821769113,39.174558568527054],[-8.901213117283492,39.171470215981955],[-8.897062263701216,39.173355929974264],[-8.89343460211687,39.17675445107945],[-8.891463561942793,39.18336323289398],[-8.884291842082318,39.1868263996204],[-8.871836378819111,39.18752687612943],[-8.860434033651675,39.18255550343497],[-8.855205976639157,39.178680919813566],[-8.84678728241539,39.1830895205199],[-8.841503469358216,39.180573852905596],[-8.841327375097077,39.18201716915293],[-8.839751178962123,39.181448221435524],[-8.84010522952923,39.183122774741896],[-8.83778359285094,39.182532656709675],[-8.838354974735015,39.18378174366526],[-8.835022387168163,39.183922785322736],[-8.835525434902625,39.18493901142637],[-8.826523389928225,39.1858926865804],[-8.825853385188717,39.1885173407306],[-8.82243950019279,39.18957878230404],[-8.818925908027866,39.19470856105649],[-8.820732865104931,39.20480932710542],[-8.829353102005074,39.215467068990286],[-8.83279335447145,39.223193784400564],[-8.835338482042827,39.225299361614674],[-8.842902150577597,39.22376822948192],[-8.851542863570089,39.22802779203667],[-8.862258725884315,39.230442191681924],[-8.872233565819165,39.241982585758024],[-8.876998399997685,39.25170170483755],[-8.887338575340264,39.249286189529634],[-8.89077972470796,39.249751636690256],[-8.893704693868477,39.24860952802071],[-8.895897564015252,39.244776493296506],[-8.903097229653127,39.243472778448805],[-8.907845056540502,39.24435166022065],[-8.905677572885375,39.24000904644542],[-8.911585812995757,39.2349127364451],[-8.919772474880618,39.24079718538568],[-8.925275372873472,39.23751716159559],[-8.928506240261449,39.239316797887305],[-8.937404351265004,39.239882926122554],[-8.93889061699249,39.24208370513416],[-8.950567608454836,39.247191639938734],[-8.962707792714568,39.25546747722864],[-8.981314066375733,39.24938133147881],[-8.983886794515668,39.253524169958354],[-8.975224497454889,39.287136380612516],[-8.98006979457554,39.288434310240135],[-8.983656942912484,39.28690934235705],[-8.98657096400278,39.2900796238699],[-8.990110857171073,39.290529846329484],[-8.992646204742186,39.29670131099951],[-8.994502850095214,39.29669729468794],[-8.998165936249999,39.29647280332051],[-9.003926235072289,39.2914277773729],[-9.010568946235173,39.29177440053726],[-9.011051931113332,39.29305090528473],[-9.01541839078349,39.29404003918664],[-9.026488090514558,39.29319740397963],[-9.030956561096525,39.303395899344515],[-9.039379980341407,39.31028561383418],[-9.045698314831291,39.31134961805393],[-9.05081491178001,39.310107619642714],[-9.055817498166547,39.31198730861641],[-9.057805460993597,39.30949325416469],[-9.063666075044317,39.307745824601284],[-9.066403036929293,39.309854195839094],[-9.073690199192349,39.30217433795534],[-9.072183889166874,39.29940063309866],[-9.084951788734013,39.2964562204822],[-9.084784509774517,39.295216252329794],[-9.090355446141098,39.29339921827756],[-9.092733169346607,39.29014959598343],[-9.101179776805289,39.289695716578606],[-9.105160620293294,39.284966067047904],[-9.10595935287096,39.278889226888886],[-9.108516205185584,39.27614120799546],[-9.112944705639402,39.27319308591248],[-9.114390040380938,39.27376446756414],[-9.115224131908482,39.2722872176469],[-9.118459947212699,39.272604979158224],[-9.121188969354893,39.270932135715064],[-9.121042883752818,39.269031797383896],[-9.12307048021198,39.26865598299221],[-9.123031464696728,39.26295065450372],[-9.120736344400303,39.26103996954554],[-9.122449664861858,39.25908313739512],[-9.121070257709585,39.25691931279198],[-9.123613944645484,39.25422241287248],[-9.122542928461424,39.25186962176396],[-9.124761847746417,39.2487002463046],[-9.126944341647205,39.24832763940402],[-9.126310875709537,39.24528062034977],[-9.131962174666384,39.244617354203065],[-9.132291312427707,39.24140127058295],[-9.13575038549666,39.24107454063809],[-9.137680913030353,39.2343697935933],[-9.143124768438415,39.229029763549384],[-9.146024718037763,39.22931961016267],[-9.1484893887131,39.23250012027856],[-9.151847573767283,39.23347170712222],[-9.159535714735643,39.221546362017044],[-9.164255352951441,39.22269544012628],[-9.172394010476234,39.22140669744047],[-9.17171546295346,39.219641795980046],[-9.177993237250051,39.211577315755314],[-9.183049605817558,39.21265289334429],[-9.18558947279127,39.21498133892393],[-9.188032992114154,39.22054437191779],[-9.186494481681143,39.226968066933274],[-9.193780359622831,39.23015257978771],[-9.198810745234933,39.23476150480174],[-9.202390055653352,39.24768232165456],[-9.19727953305092,39.24982369210041],[-9.195948633960144,39.25391951390904],[-9.197079541641305,39.258770111075734],[-9.191135200753784,39.26705430186328],[-9.187019943851466,39.26886099721856],[-9.188217309157311,39.27351146577437],[-9.191886520278866,39.275262889473574],[-9.196533638801336,39.28108938695478],[-9.199787376004947,39.29766465493433],[-9.203356039858377,39.300593031307145],[-9.200477512188076,39.30231639290421],[-9.214617209747212,39.30380263625921],[-9.2175540367209,39.30190166429015],[-9.218791167565174,39.30444663343636],[-9.223899849181192,39.3069402840913],[-9.225982239861452,39.30489778148084],[-9.227830480113635,39.30629019933776],[-9.234513076075945,39.30525753686782],[-9.236998358171144,39.30650537113289],[-9.245392914684924,39.304915812074974],[-9.24745423212781,39.30877244315287],[-9.250661609376007,39.30863789641099],[-9.250230960463456,39.31012727031637],[-9.252563189878233,39.31016130586944],[-9.255609679744168,39.31772866133305],[-9.261444164612422,39.31404233333589],[-9.26297731295279,39.315185633954066],[-9.271358205183855,39.30875315975285],[-9.27628094247903,39.30834062489594],[-9.277893678937733,39.30106605649772],[-9.288139477531974,39.29765580805865],[-9.288233582739592,39.29379218300415],[-9.290488257095468,39.29306326439864],[-9.290878994912223,39.29027959035702],[-9.295403848308752,39.28697063848435],[-9.296938719990285,39.28345873513599],[-9.307080162731891,39.2898129034711],[-9.310855646520656,39.2891874794215],[-9.31112226030349,39.29060425214939],[-9.317438299956772,39.28874954280263],[-9.317384305304474,39.290901734007456],[-9.336139239816792,39.292824676741816],[-9.340576308701277,39.291934537910905]]]}},{"type":"Feature","properties":{"parentIso":"ESP","name":"Madrid"},"geometry":{"type":"MultiPolygon","coordinates":[[[[-4.31950613,40.64766271],[-4.28765152,40.65293476],[-4.26700095,40.6531305],[-4.25603887,40.65146068],[-4.25387639,40.66189101],[-4.2599057,40.66581713],[-4.26744272,40.67454649],[-4.28158503,40.68045539],[-4.28996677,40.68056223],[-4.29307051,40.67736136],[-4.31619391,40.66674913],[-4.3176968,40.661809],[-4.32412189,40.65802875],[-4.31950613,40.64766271]]],[[[-4.57907617,40.21719617],[-4.57268262,40.21265083],[-4.57490636,40.20658119],[-4.53899587,40.19975771],[-4.52791129,40.20009282],[-4.51804892,40.20392526],[-4.51693006,40.21472097],[-4.50978914,40.21918997],[-4.49750383,40.22161529],[-4.47462019,40.23094055],[-4.45447196,40.23252516],[-4.43742574,40.23669716],[-4.43853851,40.23769793],[-4.43451281,40.2432296],[-4.4363566,40.25510528],[-4.43524522,40.25912689],[-4.42717308,40.25755678],[-4.4268741,40.26145109],[-4.4200438,40.26508148],[-4.41100417,40.27305858],[-4.4076751,40.27370235],[-4.3972728,40.28464927],[-4.383482,40.28904988],[-4.38515503,40.29129959],[-4.38295826,40.29942673],[-4.38717324,40.30116997],[-4.3816082,40.3073203],[-4.38348213,40.30878889],[-4.37831049,40.31482805],[-4.38010872,40.31834155],[-4.37620656,40.31691551],[-4.37514052,40.31425793],[-4.3680429,40.31383845],[-4.35638629,40.30862137],[-4.35842011,40.27666241],[-4.35692551,40.27034047],[-4.3453755,40.25379414],[-4.34848807,40.23674654],[-4.34173229,40.24045326],[-4.33384448,40.23842096],[-4.32652318,40.23360412],[-4.32151953,40.22630099],[-4.3111791,40.2345227],[-4.30798882,40.23388165],[-4.30582531,40.23214714],[-4.30968928,40.22640738],[-4.30659734,40.22203406],[-4.29518904,40.2188812],[-4.29123257,40.22144885],[-4.28666564,40.22792504],[-4.27553803,40.23161403],[-4.26977081,40.2358739],[-4.26734951,40.24270414],[-4.26198364,40.24757095],[-4.26024892,40.25756654],[-4.25370204,40.26288906],[-4.24924985,40.27274901],[-4.24598841,40.27422833],[-4.23464221,40.27399857],[-4.2314796,40.27666743],[-4.22835187,40.27509884],[-4.22619487,40.26989374],[-4.21756468,40.27285514],[-4.21374475,40.26944568],[-4.20883864,40.26822403],[-4.20322981,40.26881762],[-4.20482418,40.2706515],[-4.20328195,40.27415316],[-4.20380895,40.28730094],[-4.1989703,40.29023136],[-4.19710488,40.29412817],[-4.19087051,40.29735467],[-4.17951945,40.29339971],[-4.17248471,40.28810025],[-4.17250013,40.282825],[-4.16450954,40.27059436],[-4.16061694,40.26963691],[-4.15764793,40.27082664],[-4.14399148,40.26462091],[-4.14492372,40.25852549],[-4.15072541,40.24923261],[-4.14576864,40.2451774],[-4.13146699,40.24898074],[-4.12074616,40.24368315],[-4.1112167,40.24428855],[-4.10427163,40.24183353],[-4.1006003,40.24613118],[-4.09519783,40.24776128],[-4.08714052,40.25425626],[-4.08045528,40.26694031],[-4.07289423,40.26545143],[-4.05208498,40.25152895],[-4.02398492,40.24894942],[-4.02666252,40.24486752],[-4.02615871,40.23561133],[-4.02210326,40.23358806],[-4.00880282,40.21981661],[-4.00143517,40.21770815],[-3.9910014,40.20947867],[-3.97692604,40.21192913],[-3.95618473,40.21146528],[-3.95286625,40.21279744],[-3.95629694,40.19908497],[-3.95084786,40.19648916],[-3.95177314,40.19112607],[-3.9499963,40.18912247],[-3.94749676,40.19405458],[-3.94282966,40.19606383],[-3.94102905,40.20169604],[-3.93862849,40.2032281],[-3.93114312,40.20397655],[-3.92255002,40.19846782],[-3.91621859,40.19159065],[-3.91022364,40.18974146],[-3.90210373,40.19080321],[-3.89416508,40.18871272],[-3.8777237,40.18867055],[-3.87632181,40.19122269],[-3.86663434,40.18807772],[-3.85364007,40.17990778],[-3.85144509,40.17751475],[-3.85173743,40.16839125],[-3.84083801,40.1626638],[-3.83418636,40.16135246],[-3.81795368,40.17118765],[-3.81036417,40.16900298],[-3.80675105,40.17722258],[-3.80460243,40.17684057],[-3.79900616,40.17469472],[-3.78324204,40.16161191],[-3.77895189,40.15622724],[-3.77754521,40.14622016],[-3.77167932,40.14177744],[-3.7714331,40.13977862],[-3.74625914,40.13216354],[-3.72221601,40.1477131],[-3.70455345,40.13744358],[-3.69150358,40.13275681],[-3.6837231,40.13226963],[-3.67789344,40.13916308],[-3.6673123,40.14329059],[-3.66583195,40.13528733],[-3.66055514,40.12837186],[-3.65668247,40.12794178],[-3.65633106,40.1253402],[-3.64814939,40.12440045],[-3.64095485,40.1205218],[-3.62888828,40.1177939],[-3.62193827,40.11333162],[-3.62120951,40.11518519],[-3.60762816,40.10896679],[-3.61303116,40.10317131],[-3.61635783,40.09567753],[-3.61292146,40.09225232],[-3.60796294,40.09529845],[-3.60373225,40.09366733],[-3.61036406,40.08186968],[-3.61922947,40.07984602],[-3.62334375,40.08119097],[-3.6289539,40.07826586],[-3.62752137,40.07483971],[-3.61656589,40.06880726],[-3.62423536,40.06059618],[-3.61952814,40.05769162],[-3.62177729,40.05500362],[-3.62551291,40.05335817],[-3.63074259,40.05381362],[-3.63922067,40.05045069],[-3.63979328,40.0468689],[-3.63558737,40.04236381],[-3.63913322,40.04021352],[-3.64725938,40.04162795],[-3.65001254,40.03196319],[-3.65476152,40.03231034],[-3.65862786,40.0370293],[-3.66645477,40.03503574],[-3.66817364,40.03269323],[-3.66773353,40.02782875],[-3.67562103,40.02213573],[-3.67948712,40.01611897],[-3.68343681,40.01561011],[-3.68714084,40.01853346],[-3.68683404,40.02170759],[-3.69028236,40.02177089],[-3.69928047,40.01985823],[-3.70798565,40.01391751],[-3.71240617,40.00959098],[-3.71482693,40.00421079],[-3.72174523,40.00110639],[-3.72414055,39.99718482],[-3.7233599,39.99226049],[-3.71852202,39.9870055],[-3.72008803,39.98444061],[-3.72727834,39.98918706],[-3.72989148,39.98620823],[-3.73488209,39.9850964],[-3.73568848,39.98176579],[-3.73155759,39.97638341],[-3.7340801,39.97550161],[-3.73934818,39.98173708],[-3.74388782,39.98239098],[-3.74661525,39.9807481],[-3.74128101,39.97082654],[-3.73804147,39.96871281],[-3.7312859,39.96935752],[-3.72890574,39.97226645],[-3.72370879,39.97061692],[-3.72793611,39.96454488],[-3.73596619,39.9617011],[-3.74230079,39.96150482],[-3.74749473,39.9627959],[-3.75401786,39.96781896],[-3.75887607,39.96886754],[-3.75113732,39.95659076],[-3.75144963,39.95303528],[-3.75449378,39.95039998],[-3.76583343,39.94719567],[-3.77068178,39.95060799],[-3.76914159,39.95492939],[-3.75797283,39.95833563],[-3.76360236,39.96751839],[-3.76657782,39.96186316],[-3.77153063,39.96145191],[-3.77582718,39.95788692],[-3.78190619,39.95708567],[-3.7867084,39.95429801],[-3.78224598,39.94878448],[-3.78293613,39.94493896],[-3.78596697,39.94454906],[-3.7937362,39.94750092],[-3.79939053,39.9457142],[-3.80241629,39.95301375],[-3.80954772,39.9539652],[-3.81334332,39.95199886],[-3.8176661,39.94673922],[-3.82438374,39.94729084],[-3.82932297,39.94053618],[-3.83012694,39.93344338],[-3.83204229,39.93156015],[-3.83532174,39.93138162],[-3.83711442,39.93299496],[-3.83826916,39.94074039],[-3.84004442,39.94195558],[-3.85282441,39.93943425],[-3.85647124,39.93724596],[-3.85932258,39.93285787],[-3.86832138,39.93183497],[-3.87551945,39.92819862],[-3.86744779,39.91703671],[-3.87542731,39.91068529],[-3.86970193,39.90763619],[-3.86832617,39.90485887],[-3.85979466,39.9025465],[-3.84488041,39.9026416],[-3.83454833,39.89993412],[-3.8148937,39.8857423],[-3.80439788,39.88471933],[-3.80642118,39.88738895],[-3.78977872,39.89911631],[-3.77879747,39.91085362],[-3.75658331,39.9211121],[-3.74845894,39.92941568],[-3.74386988,39.94080236],[-3.73057617,39.94442383],[-3.71110578,39.95470862],[-3.69758856,39.94671827],[-3.68339271,39.95546149],[-3.67764341,39.96077002],[-3.66159663,39.96582038],[-3.6344989,39.96589176],[-3.63392001,39.96898456],[-3.63050713,39.96862982],[-3.63358099,39.97346985],[-3.63799165,39.98837587],[-3.62924514,39.99267361],[-3.62248621,39.99106144],[-3.61037324,39.9982772],[-3.59534283,40.00114061],[-3.59001471,40.01322053],[-3.57520215,40.01373354],[-3.57470399,40.01568238],[-3.55118609,40.01814075],[-3.53060538,40.01811812],[-3.51971076,40.02109486],[-3.52206615,40.02608933],[-3.51686685,40.0371923],[-3.51727447,40.04013664],[-3.51530506,40.04332908],[-3.5116942,40.04281171],[-3.51145223,40.04588688],[-3.50671877,40.0448094],[-3.50686342,40.04867391],[-3.49958232,40.0450143],[-3.49565146,40.04757551],[-3.49059294,40.04757993],[-3.48774661,40.04117031],[-3.48330064,40.04601498],[-3.47884436,40.04478295],[-3.47255413,40.04599807],[-3.47322268,40.0421419],[-3.47006773,40.04070239],[-3.45506941,40.04670055],[-3.45648773,40.05002134],[-3.44832879,40.04976399],[-3.44676755,40.04783564],[-3.44840061,40.04102613],[-3.44596704,40.03722894],[-3.44015195,40.03903689],[-3.4303507,40.03835653],[-3.42624855,40.04634526],[-3.42441949,40.04686822],[-3.42205595,40.04512448],[-3.41761963,40.04505135],[-3.414478,40.04214981],[-3.40993937,40.04179475],[-3.40832777,40.04005347],[-3.409643,40.03750629],[-3.40107167,40.03418102],[-3.3930054,40.03653401],[-3.39156296,40.04100303],[-3.39407909,40.0423506],[-3.39424183,40.04538838],[-3.3915301,40.04841011],[-3.38653923,40.04981251],[-3.38520958,40.05186211],[-3.37692347,40.04998825],[-3.37578199,40.05125582],[-3.37473351,40.05961514],[-3.37912894,40.06616585],[-3.37770721,40.07476789],[-3.37528981,40.07539395],[-3.36189348,40.07526552],[-3.34994195,40.07772989],[-3.34616684,40.08015949],[-3.33224077,40.08048201],[-3.31909761,40.07418864],[-3.31179012,40.06825492],[-3.30249422,40.05331365],[-3.29649952,40.05163702],[-3.29000925,40.05274259],[-3.2872937,40.05155282],[-3.28564395,40.05262451],[-3.28316322,40.05150074],[-3.28315427,40.04904654],[-3.27575562,40.04727583],[-3.27264197,40.04933193],[-3.27365167,40.05470291],[-3.26697194,40.0527867],[-3.26652855,40.0563519],[-3.26478097,40.05710186],[-3.26285315,40.05671971],[-3.26217406,40.05328228],[-3.25770458,40.05039473],[-3.25751929,40.05443955],[-3.25433877,40.05799357],[-3.24937752,40.05592305],[-3.24581143,40.05704328],[-3.24564303,40.0594609],[-3.24362248,40.05341971],[-3.22899847,40.0560458],[-3.20899709,40.06280071],[-3.20471846,40.06006036],[-3.20095593,40.06048761],[-3.20064006,40.06193869],[-3.20510663,40.06204808],[-3.20745358,40.06382964],[-3.19959674,40.06768495],[-3.1891821,40.07737483],[-3.18861795,40.08249944],[-3.18590755,40.08169832],[-3.18363649,40.08552282],[-3.18007224,40.08431565],[-3.17637805,40.08681778],[-3.1810396,40.08820988],[-3.17813738,40.09220731],[-3.16608175,40.09074829],[-3.16804699,40.08513889],[-3.16316649,40.08370874],[-3.16157891,40.06492789],[-3.14961256,40.06602302],[-3.14091303,40.06320564],[-3.11819011,40.0614287],[-3.11226541,40.06447162],[-3.08971871,40.07012457],[-3.06070714,40.09056391],[-3.05298331,40.09938788],[-3.05654962,40.1048883],[-3.05353075,40.10649789],[-3.05776584,40.11145292],[-3.05619407,40.113743],[-3.06147661,40.11331063],[-3.06187496,40.11530874],[-3.0675835,40.11852382],[-3.0649356,40.12197867],[-3.07039708,40.12269719],[-3.07293384,40.12554717],[-3.07149727,40.12670307],[-3.07440649,40.128623],[-3.07235266,40.13109829],[-3.07732872,40.13263217],[-3.0771758,40.13555946],[-3.08243291,40.13513698],[-3.08518298,40.13885326],[-3.08990053,40.13952998],[-3.08808367,40.13979713],[-3.09018728,40.14160735],[-3.0929588,40.13882938],[-3.09439382,40.14271854],[-3.09675536,40.14238869],[-3.09646757,40.14738648],[-3.09319027,40.15051],[-3.09732216,40.15239054],[-3.09756028,40.15391475],[-3.08927639,40.16297041],[-3.08517417,40.16363834],[-3.082491,40.16175366],[-3.0830425,40.15940991],[-3.07801302,40.15711141],[-3.07169465,40.15598743],[-3.06784514,40.15791415],[-3.07046641,40.16186776],[-3.07775291,40.166167],[-3.07712687,40.17251098],[-3.08575944,40.18614536],[-3.08439983,40.18868611],[-3.08669865,40.19235219],[-3.08463823,40.19837559],[-3.08823006,40.20031809],[-3.08158747,40.20387258],[-3.07945638,40.20838235],[-3.08253522,40.21445979],[-3.07935973,40.2236957],[-3.07970413,40.22777311],[-3.08686659,40.23383046],[-3.08976835,40.23876091],[-3.08705757,40.24728308],[-3.09149167,40.2501555],[-3.09965283,40.26142134],[-3.0960238,40.26908588],[-3.10152848,40.27809235],[-3.10772559,40.28060582],[-3.10944328,40.28519266],[-3.11267418,40.2854779],[-3.12824101,40.27878691],[-3.14350586,40.26639229],[-3.15371773,40.2637135],[-3.15562608,40.25941085],[-3.16152556,40.25526851],[-3.17047944,40.2436978],[-3.17339692,40.23416978],[-3.17840068,40.23624432],[-3.18316202,40.24338766],[-3.194449,40.24803708],[-3.19482414,40.25508172],[-3.19720539,40.25754715],[-3.19282399,40.25927526],[-3.18420985,40.26970752],[-3.18674041,40.27899384],[-3.1805353,40.29188777],[-3.18020916,40.30205972],[-3.1828569,40.30826749],[-3.17841515,40.31530966],[-3.16211078,40.32613365],[-3.16231741,40.32739375],[-3.15290487,40.33158399],[-3.15132666,40.33817001],[-3.15560664,40.34246273],[-3.15038476,40.34618496],[-3.1485899,40.34601157],[-3.14653288,40.34987012],[-3.14121178,40.35054243],[-3.14386759,40.35298612],[-3.14340029,40.35813367],[-3.1490092,40.36011051],[-3.15342976,40.36770319],[-3.14938419,40.37163914],[-3.15005413,40.37310949],[-3.13828782,40.37554293],[-3.140745,40.3777797],[-3.14334418,40.38753441],[-3.13540232,40.39010519],[-3.13409693,40.39974932],[-3.13055795,40.40518499],[-3.142073,40.4124574],[-3.14736518,40.41958708],[-3.1555145,40.43942476],[-3.16904081,40.43878796],[-3.17264007,40.43626282],[-3.17730262,40.43919374],[-3.19859666,40.44225227],[-3.20046236,40.44633656],[-3.19871055,40.46017413],[-3.20016193,40.46557627],[-3.19532796,40.47859377],[-3.20203366,40.49553216],[-3.19892024,40.50300792],[-3.19995495,40.51444864],[-3.20691524,40.51928604],[-3.22285724,40.52595566],[-3.22677119,40.53200668],[-3.22706056,40.53624308],[-3.23141049,40.53966783],[-3.23266387,40.53810675],[-3.22992861,40.53241668],[-3.23118608,40.53173219],[-3.2432876,40.53710206],[-3.24991509,40.54431595],[-3.25280276,40.54155293],[-3.25620504,40.54189862],[-3.25888656,40.53997375],[-3.27325751,40.53642727],[-3.27551449,40.53364624],[-3.28205396,40.53516838],[-3.28290372,40.53394378],[-3.28434818,40.53515828],[-3.28932274,40.53155677],[-3.29712639,40.53752087],[-3.28501032,40.54768464],[-3.28310259,40.55096409],[-3.2863959,40.55415151],[-3.28482807,40.55571754],[-3.28835663,40.55860702],[-3.28313195,40.56361898],[-3.28711582,40.56515784],[-3.28406875,40.56897704],[-3.28670897,40.57256964],[-3.28955918,40.57215807],[-3.296348,40.57520759],[-3.29770081,40.57439783],[-3.30268638,40.57828853],[-3.30833922,40.57912411],[-3.32827531,40.59483609],[-3.33034054,40.59736897],[-3.3277503,40.59892855],[-3.33071719,40.60092104],[-3.32955416,40.60261983],[-3.33141635,40.60394426],[-3.32560977,40.6109354],[-3.32164386,40.61219237],[-3.32820622,40.62021351],[-3.33851584,40.62584867],[-3.33185934,40.62591652],[-3.32367534,40.62968638],[-3.32452536,40.63380374],[-3.3226745,40.64063307],[-3.32074942,40.64414552],[-3.31385683,40.64974349],[-3.31649652,40.65517674],[-3.31686111,40.65198393],[-3.32376729,40.64504343],[-3.32238232,40.64381398],[-3.32717069,40.64058715],[-3.33229423,40.63946092],[-3.33744511,40.64098117],[-3.33705157,40.63774455],[-3.33888442,40.63630862],[-3.34559816,40.63774285],[-3.34678244,40.63806904],[-3.3450733,40.64168756],[-3.36631822,40.64803124],[-3.36232045,40.65373826],[-3.36777684,40.66057136],[-3.3678382,40.66485123],[-3.37231978,40.66911065],[-3.37292378,40.67771738],[-3.37809465,40.68186443],[-3.38570718,40.68407981],[-3.39335404,40.69245827],[-3.39991687,40.69144397],[-3.40315516,40.68634018],[-3.40473481,40.66963716],[-3.40953671,40.67186162],[-3.41530684,40.67179778],[-3.41911683,40.68032062],[-3.42555318,40.68237719],[-3.42677583,40.67237578],[-3.43593423,40.67532886],[-3.44170477,40.67420789],[-3.4422763,40.67797672],[-3.44778839,40.67747353],[-3.44882254,40.68258733],[-3.4563345,40.68793427],[-3.46855262,40.68993667],[-3.46833363,40.69297797],[-3.46235877,40.69311821],[-3.46331049,40.69809888],[-3.46083947,40.69816731],[-3.45999924,40.70370736],[-3.45610256,40.7039255],[-3.45442733,40.70913006],[-3.45278512,40.70910408],[-3.4519785,40.71184855],[-3.45086859,40.7112349],[-3.4463355,40.71444424],[-3.44285385,40.71933398],[-3.43754541,40.72254325],[-3.43494495,40.72798617],[-3.43440743,40.73201776],[-3.44188236,40.73772792],[-3.44873753,40.73296027],[-3.4504156,40.73488699],[-3.45011984,40.74109959],[-3.44696742,40.74135685],[-3.44474209,40.74798677],[-3.44434315,40.76157956],[-3.44790362,40.76408192],[-3.44680568,40.76644732],[-3.45002447,40.7716526],[-3.45787671,40.77849349],[-3.45901014,40.78132399],[-3.46776075,40.78430949],[-3.48611016,40.78501125],[-3.4977854,40.78912532],[-3.50065655,40.78791749],[-3.50601036,40.78933015],[-3.51157238,40.78849581],[-3.50927311,40.79053287],[-3.50425186,40.78923243],[-3.50246473,40.79210132],[-3.5032265,40.79613742],[-3.50119638,40.79856683],[-3.49505337,40.79663935],[-3.4919382,40.79841921],[-3.49111416,40.80838432],[-3.48273281,40.81457693],[-3.48268798,40.81886786],[-3.47738665,40.82356077],[-3.47657334,40.83022679],[-3.47919187,40.83762813],[-3.46974785,40.84317826],[-3.47633009,40.85128415],[-3.47050049,40.85165756],[-3.46581293,40.85689513],[-3.4715382,40.86065365],[-3.4726685,40.86409656],[-3.4482493,40.87643174],[-3.44048741,40.87534993],[-3.44171002,40.88271053],[-3.44483374,40.88710366],[-3.43959249,40.89114956],[-3.44553756,40.89613187],[-3.44855031,40.89467708],[-3.45235049,40.89626487],[-3.4537485,40.89932585],[-3.45861806,40.89753379],[-3.46059886,40.89847],[-3.4608307,40.90023111],[-3.45786202,40.90101312],[-3.46057721,40.9066587],[-3.45838807,40.90843304],[-3.4505268,40.90535154],[-3.44406222,40.90684941],[-3.44557212,40.91032804],[-3.45128664,40.91286516],[-3.44838235,40.91871747],[-3.44885461,40.92252707],[-3.44261275,40.92936774],[-3.43823692,40.93151757],[-3.43541748,40.9375629],[-3.43603915,40.94612837],[-3.43201662,40.94946032],[-3.42800492,40.95988343],[-3.41623344,40.97581157],[-3.4184803,40.97945632],[-3.41628264,40.98251895],[-3.41829605,40.98756352],[-3.40085171,40.99548941],[-3.39445032,41.00027763],[-3.39748818,41.00680902],[-3.407498,41.01582839],[-3.41324161,41.01855826],[-3.42607445,41.03161871],[-3.43117785,41.04167009],[-3.43893478,41.04266972],[-3.43827784,41.04678084],[-3.43472934,41.04946062],[-3.43561405,41.05371186],[-3.43127564,41.05834025],[-3.43108785,41.06240452],[-3.42600535,41.06566261],[-3.42705515,41.06898996],[-3.42514518,41.07165707],[-3.42635819,41.0718508],[-3.42530592,41.0761155],[-3.42672776,41.07637512],[-3.42773613,41.08081241],[-3.42580545,41.08289857],[-3.42945971,41.08444442],[-3.43550026,41.08402287],[-3.4397,41.0810704],[-3.44423547,41.08243589],[-3.44838895,41.08063721],[-3.45553439,41.08410816],[-3.45654409,41.08705797],[-3.47448842,41.09328602],[-3.47515397,41.09526688],[-3.48183745,41.09326998],[-3.48875121,41.09429395],[-3.48821148,41.09650864],[-3.4904052,41.09719116],[-3.48993488,41.09896506],[-3.49194426,41.10030773],[-3.48906617,41.10387637],[-3.4896297,41.10551526],[-3.49284703,41.10703205],[-3.49536746,41.11599057],[-3.49975663,41.1200748],[-3.50172256,41.1267349],[-3.50926175,41.13639544],[-3.51652608,41.13880347],[-3.52603511,41.13914506],[-3.52996223,41.14178261],[-3.53282229,41.14697606],[-3.54109818,41.1496669],[-3.53670457,41.16057639],[-3.53972219,41.16504109],[-3.55044785,41.16570108],[-3.55802314,41.16439721],[-3.56919328,41.15950792],[-3.58272079,41.1614203],[-3.58927081,41.15850891],[-3.59121828,41.15464347],[-3.59880753,41.15434036],[-3.600047,41.15538246],[-3.60468239,41.15203695],[-3.61370266,41.14905264],[-3.61897436,41.14366824],[-3.63277581,41.13634268],[-3.63348508,41.12633795],[-3.64502002,41.12129068],[-3.65105816,41.10776254],[-3.672172,41.0920007],[-3.67606481,41.08669562],[-3.67953739,41.08423042],[-3.68760236,41.08493568],[-3.69768023,41.08187636],[-3.71398921,41.07320804],[-3.72038174,41.06560326],[-3.73056773,41.06142425],[-3.74045499,41.05364029],[-3.73900095,41.049714],[-3.74825252,41.03667281],[-3.75554416,41.02793068],[-3.75904935,41.02707081],[-3.76591787,41.02082874],[-3.767296,41.01597592],[-3.78136611,41.00031185],[-3.78542535,41.00086833],[-3.79233388,40.99463067],[-3.80313813,40.99234869],[-3.80944199,40.98780959],[-3.82122526,40.98482751],[-3.82909385,40.98665483],[-3.84450732,40.98234706],[-3.8474054,40.97937565],[-3.85931329,40.97919123],[-3.86995692,40.97107898],[-3.8739672,40.97479427],[-3.87903947,40.97520166],[-3.88078708,40.9728174],[-3.88694757,40.97115508],[-3.89517558,40.96552455],[-3.89864173,40.9588334],[-3.90719656,40.95530286],[-3.90987612,40.94977239],[-3.91246779,40.94919613],[-3.91166488,40.94454796],[-3.9171821,40.9430053],[-3.92176072,40.9299286],[-3.92727335,40.92756575],[-3.93794904,40.92718044],[-3.93705861,40.91567971],[-3.94165955,40.91186694],[-3.94471025,40.90361573],[-3.95227618,40.89363193],[-3.94674803,40.88889762],[-3.9423547,40.88896959],[-3.94327744,40.88029974],[-3.94723905,40.87329044],[-3.94710521,40.86297439],[-3.95688926,40.84851566],[-3.96247582,40.84426959],[-3.9630138,40.84004833],[-3.96550574,40.83799164],[-3.96212157,40.82344719],[-3.96629067,40.8140996],[-3.97553026,40.80685581],[-3.97546928,40.80366107],[-3.97995879,40.79938645],[-3.97811891,40.78741827],[-3.97967572,40.78455483],[-4.0036407,40.7887163],[-4.02131709,40.7811916],[-4.03239236,40.78161193],[-4.03631234,40.78353568],[-4.04220066,40.78378913],[-4.04696757,40.79017758],[-4.07009155,40.7939154],[-4.07670028,40.78888135],[-4.08103599,40.77660123],[-4.09625045,40.76527297],[-4.09383737,40.75806667],[-4.09699078,40.74773929],[-4.10408939,40.74701399],[-4.11044355,40.74398208],[-4.12076275,40.73567302],[-4.12520741,40.7296257],[-4.12569176,40.72449431],[-4.12970736,40.72367405],[-4.13605985,40.71774634],[-4.14531836,40.69796787],[-4.14437061,40.69584227],[-4.15052497,40.69272815],[-4.15714638,40.69208633],[-4.17156694,40.68062631],[-4.1735461,40.6671629],[-4.16887353,40.66333305],[-4.1689316,40.65683104],[-4.16657366,40.65266322],[-4.16923877,40.65009948],[-4.16792246,40.6437609],[-4.17175258,40.63842699],[-4.17069632,40.63462196],[-4.17285272,40.6303622],[-4.16887465,40.62613491],[-4.16283017,40.62569622],[-4.16118283,40.62346489],[-4.17675104,40.61615544],[-4.19626738,40.61187824],[-4.21434747,40.6054346],[-4.24543881,40.60244697],[-4.26214077,40.60517998],[-4.26656659,40.61082422],[-4.27119064,40.62393413],[-4.27110169,40.62902274],[-4.28412955,40.63130581],[-4.28373818,40.629053],[-4.29070875,40.62782341],[-4.28855177,40.62485217],[-4.29006121,40.60767684],[-4.27857245,40.60317237],[-4.28347532,40.59563912],[-4.28304412,40.59014239],[-4.28117842,40.58885325],[-4.28538143,40.58266453],[-4.28901769,40.57111376],[-4.28926182,40.56419425],[-4.31015859,40.55743166],[-4.31263679,40.55405416],[-4.32390623,40.54942408],[-4.3239968,40.54040997],[-4.32821794,40.53375736],[-4.32123721,40.53235543],[-4.32012707,40.53059522],[-4.3211152,40.51802505],[-4.32740346,40.50952996],[-4.32737217,40.50722501],[-4.32416397,40.50648976],[-4.32256093,40.50160832],[-4.32466836,40.49877259],[-4.32509651,40.49234088],[-4.32389589,40.47753441],[-4.32023919,40.46972512],[-4.31709852,40.46909069],[-4.31856627,40.46621278],[-4.31567885,40.46476554],[-4.32011073,40.46237905],[-4.31862259,40.45835381],[-4.32524147,40.4601006],[-4.32577568,40.45679638],[-4.32008352,40.45556334],[-4.31970445,40.45198038],[-4.32255661,40.44942624],[-4.33222515,40.44876661],[-4.33027263,40.44501172],[-4.33507259,40.44356003],[-4.33126838,40.44109225],[-4.33800385,40.43992624],[-4.3405153,40.43796747],[-4.33902733,40.43082993],[-4.34125165,40.42867807],[-4.33595023,40.42754487],[-4.33458499,40.42473367],[-4.33051694,40.4222806],[-4.32349701,40.42346474],[-4.32408745,40.41798422],[-4.32680737,40.41387565],[-4.32108852,40.41030876],[-4.33027235,40.40829812],[-4.34348542,40.41188945],[-4.35957863,40.41134463],[-4.36563236,40.4068815],[-4.37815462,40.40726538],[-4.40314011,40.41113151],[-4.41494763,40.4098102],[-4.41785716,40.4064251],[-4.42173026,40.40622891],[-4.42305224,40.40168123],[-4.42537795,40.40205078],[-4.42597226,40.40050476],[-4.42942792,40.40031255],[-4.4303852,40.39838365],[-4.43255,40.39816947],[-4.43325766,40.39608778],[-4.43720615,40.39403613],[-4.4374257,40.38967495],[-4.44193872,40.38876114],[-4.4413709,40.387216],[-4.44372901,40.38570014],[-4.43980579,40.37949785],[-4.44124187,40.37850611],[-4.4400348,40.37675272],[-4.44186936,40.36267702],[-4.43917588,40.36156735],[-4.44120818,40.35916912],[-4.43864166,40.35272102],[-4.44302972,40.34744034],[-4.44977503,40.34681997],[-4.45202741,40.3446197],[-4.45609437,40.34501271],[-4.46059619,40.34138126],[-4.46132116,40.33978565],[-4.45381345,40.33309441],[-4.45316371,40.32475865],[-4.45576083,40.31935158],[-4.46496433,40.31843651],[-4.46728586,40.32020923],[-4.48529906,40.32113855],[-4.49114084,40.32052333],[-4.49920548,40.31549144],[-4.50488319,40.31534074],[-4.51303604,40.32116778],[-4.51589309,40.32914129],[-4.5186444,40.3307331],[-4.52100658,40.33554069],[-4.52711865,40.3379828],[-4.5267875,40.34487341],[-4.53905557,40.34048992],[-4.54622523,40.34182516],[-4.54765439,40.34037626],[-4.54317394,40.33222911],[-4.54440143,40.33014971],[-4.54009546,40.32787204],[-4.53997496,40.3211702],[-4.5367396,40.31572686],[-4.53688601,40.30847912],[-4.52937915,40.29312484],[-4.53493337,40.28807749],[-4.54384117,40.28533559],[-4.54718275,40.2801541],[-4.54995196,40.28042243],[-4.55541394,40.276851],[-4.55415257,40.27636309],[-4.55455474,40.26982338],[-4.55664758,40.26437244],[-4.56878845,40.25871215],[-4.56712341,40.23984668],[-4.55961561,40.23428689],[-4.56090699,40.22279391],[-4.56567607,40.2181881],[-4.57508255,40.21976948],[-4.57907617,40.21719617]],[[-3.38213512,40.63047058],[-3.38025664,40.6328542],[-3.37225908,40.63561167],[-3.3748449,40.63848615],[-3.37404936,40.64024905],[-3.37266539,40.63892651],[-3.36360596,40.63842108],[-3.36366476,40.63160212],[-3.36816103,40.63252573],[-3.37172911,40.62576852],[-3.38213512,40.63047058]]]]}},{"type":"Feature","properties":{"parentIso":"COL","name":"Bogotá"},"geometry":{"type":"Polygon","coordinates":[[[-74.1438406,4.0031564],[-74.1383379,4.0137299],[-74.1399594,4.0204668],[-74.1393215,4.0252242],[-74.1312712,4.0392494],[-74.1253031,4.0561986],[-74.1254717,4.0651351],[-74.1315019,4.0764822],[-74.1320735,4.0824156],[-74.1298463,4.0896905],[-74.1263385,4.0944754],[-74.1213033,4.0982403],[-74.1295968,4.1044858],[-74.1307115,4.1136557],[-74.1284275,4.1245901],[-74.1081141,4.1342928],[-74.1065498,4.1379685],[-74.1140013,4.1550269],[-74.1091935,4.1695906],[-74.1110228,4.1789367],[-74.1092973,4.1823525],[-74.1201237,4.1820745],[-74.1235946,4.1869209],[-74.1261776,4.1945863],[-74.1342539,4.2031642],[-74.1362275,4.2081191],[-74.1346632,4.2212341],[-74.1353359,4.2295055],[-74.1434363,4.2384703],[-74.150336,4.2502072],[-74.151267,4.2543487],[-74.127544,4.302799],[-74.1216095,4.3096263],[-74.1151253,4.3130983],[-74.1145492,4.3188845],[-74.1061919,4.3306017],[-74.0981227,4.3505641],[-74.0956734,4.3699476],[-74.1012939,4.3768908],[-74.1135436,4.3852801],[-74.113976,4.3868713],[-74.1148415,4.4035063],[-74.1123929,4.4325816],[-74.1082139,4.4451665],[-74.1008639,4.4535566],[-74.0860191,4.4612235],[-74.0782204,4.4626803],[-74.0758193,4.4652744],[-74.0726818,4.4999101],[-74.0730437,4.5108095],[-74.0604938,4.5110515],[-74.055667,4.5086293],[-74.0505987,4.5115356],[-74.0448064,4.512262],[-74.040824,4.5165004],[-74.0384098,4.530185],[-74.0308064,4.5439904],[-74.0292372,4.5498033],[-74.0295987,4.5577961],[-74.0260989,4.5592491],[-74.0148757,4.5594904],[-74.0060658,4.5620328],[-74.0046158,4.5805615],[-74.0007523,4.5954568],[-73.9974212,4.6020973],[-73.9992431,4.6069741],[-73.9963153,4.6171142],[-74.0011034,4.6174113],[-74.0049347,4.6238295],[-74.0107955,4.6268455],[-74.0151307,4.6358067],[-74.033029,4.6360148],[-74.0314446,4.6447178],[-74.0266914,4.653929],[-74.0255938,4.6610745],[-74.0227826,4.6628538],[-74.0174931,4.6617448],[-74.0104474,4.6632746],[-74.0072357,4.6662049],[-74.0031846,4.6746369],[-74.0031842,4.6780912],[-74.0105754,4.6841876],[-74.0112836,4.690893],[-74.0142195,4.6971921],[-74.0086481,4.7186281],[-74.0072282,4.7413852],[-74.0095675,4.7566959],[-74.0173171,4.7596545],[-74.0181308,4.7668378],[-74.0161364,4.7767411],[-74.0158312,4.7928946],[-74.0128939,4.7966534],[-74.0000313,4.8033573],[-73.9997272,4.8058971],[-74.0051956,4.8106727],[-74.0045873,4.8165161],[-74.0107365,4.8211428],[-74.0307973,4.8231152],[-74.0355957,4.8283116],[-74.0415075,4.8297828],[-74.04447,4.832487],[-74.0463025,4.8301111],[-74.0503795,4.8309271],[-74.0533125,4.833243],[-74.0558526,4.8291484],[-74.0599582,4.8289779],[-74.0605761,4.8276009],[-74.0630275,4.8357432],[-74.064272,4.8304914],[-74.065876,4.8356417],[-74.0675041,4.8326242],[-74.0669355,4.8281395],[-74.0707254,4.8285671],[-74.0718171,4.8346261],[-74.07543,4.8370101],[-74.0867516,4.8321538],[-74.0809604,4.826081],[-74.0791151,4.8221896],[-74.0818217,4.8163876],[-74.083187,4.8223157],[-74.0866309,4.8209472],[-74.0872049,4.8161737],[-74.0827629,4.8140645],[-74.0848657,4.8122256],[-74.0795871,4.8096598],[-74.0885943,4.8032055],[-74.0868589,4.8020535],[-74.0890718,4.80138],[-74.0884468,4.7982982],[-74.0915018,4.7968228],[-74.0873766,4.7970046],[-74.0872988,4.7959568],[-74.0936717,4.7908304],[-74.095552,4.7945402],[-74.0957612,4.7992257],[-74.1006249,4.7991857],[-74.1031158,4.7947888],[-74.1024157,4.7971195],[-74.1050658,4.7971195],[-74.1079786,4.7886948],[-74.1115433,4.7871151],[-74.1123131,4.7895902],[-74.1098517,4.7901195],[-74.1121736,4.7905845],[-74.1138366,4.7883393],[-74.1142523,4.7864121],[-74.1119546,4.7846883],[-74.1147217,4.7856637],[-74.1142926,4.7820367],[-74.1171894,4.7808098],[-74.1147405,4.781021],[-74.1142389,4.7798396],[-74.1171473,4.7774608],[-74.113842,4.7783374],[-74.1165242,4.7722138],[-74.1141558,4.7718663],[-74.1181344,4.7671541],[-74.115344,4.7676217],[-74.1165465,4.762022],[-74.1213101,4.7599264],[-74.12029,4.7541767],[-74.125468,4.7536632],[-74.1224197,4.7473098],[-74.1239552,4.749921],[-74.1271953,4.7506694],[-74.1275601,4.7493436],[-74.1258592,4.7494056],[-74.1253084,4.7473553],[-74.1301936,4.7457703],[-74.1319361,4.7406166],[-74.1291091,4.7373154],[-74.1264228,4.7369408],[-74.1284077,4.7357861],[-74.1261596,4.7293043],[-74.1289015,4.7266602],[-74.1302794,4.7309296],[-74.1352576,4.7281496],[-74.1373176,4.7308013],[-74.1491622,4.7254123],[-74.1511792,4.7226751],[-74.1565759,4.7234804],[-74.1567153,4.7254123],[-74.1583032,4.7253268],[-74.1604489,4.7201089],[-74.1692895,4.7152759],[-74.1722077,4.7114693],[-74.1706631,4.7091315],[-74.1706037,4.7052736],[-74.1769121,4.702996],[-74.1744748,4.7006557],[-74.1691445,4.7008254],[-74.1720578,4.6967707],[-74.1722724,4.6939799],[-74.1702603,4.6900471],[-74.1674873,4.6882806],[-74.1737208,4.6823888],[-74.1748094,4.6765311],[-74.1718053,4.6746491],[-74.1698062,4.6689714],[-74.1603898,4.6668645],[-74.1611042,4.6649741],[-74.1585109,4.6626753],[-74.1624017,4.6632124],[-74.1632096,4.6588904],[-74.1666018,4.6596331],[-74.1679054,4.6562234],[-74.1720824,4.6572543],[-74.1801753,4.6525602],[-74.1853289,4.64682],[-74.1836687,4.6525255],[-74.1872866,4.6517204],[-74.1934346,4.6549734],[-74.1957521,4.6513804],[-74.2027133,4.6467519],[-74.2032093,4.6456209],[-74.2007654,4.6440283],[-74.2069065,4.6464809],[-74.2053741,4.6423708],[-74.2061698,4.6411774],[-74.2135838,4.6404021],[-74.216504,4.6448868],[-74.2215013,4.6436811],[-74.2155789,4.6395747],[-74.2148648,4.6375521],[-74.21775,4.6346508],[-74.2160852,4.6301607],[-74.222403,4.6295309],[-74.2236887,4.6251577],[-74.2205914,4.6229822],[-74.2211244,4.6212883],[-74.2226421,4.6211601],[-74.2207582,4.619812],[-74.2217358,4.6186521],[-74.2200067,4.6188724],[-74.2197548,4.6173379],[-74.2183937,4.6180248],[-74.2181818,4.6160396],[-74.2042064,4.5996118],[-74.2040259,4.6008015],[-74.1835376,4.5962339],[-74.1796696,4.5783884],[-74.1785288,4.5786914],[-74.1755474,4.5754187],[-74.1800851,4.5566673],[-74.1797701,4.5500496],[-74.1778853,4.545638],[-74.1797676,4.5324023],[-74.1794523,4.5234212],[-74.1706598,4.5216891],[-74.1632797,4.5144421],[-74.1599819,4.5078247],[-74.1606093,4.5030977],[-74.1700264,4.4788315],[-74.1796019,4.4700066],[-74.1852526,4.4624426],[-74.187449,4.4526733],[-74.1949819,4.4354975],[-74.1951379,4.42951],[-74.1993761,4.4266731],[-74.2031426,4.4203699],[-74.2097332,4.4046122],[-74.212085,4.3883826],[-74.2164795,4.3839699],[-74.2178912,4.3782973],[-74.2172622,4.3723099],[-74.2191441,4.3628557],[-74.2202893,4.3395757],[-74.2147391,4.3084963],[-74.2164616,4.2858065],[-74.2046871,4.2691066],[-74.2059412,4.25981],[-74.2037409,4.2415327],[-74.2045255,4.2404296],[-74.2097048,4.241059],[-74.2182723,4.2344627],[-74.2209177,4.2251579],[-74.2251218,4.2219265],[-74.2280775,4.2225855],[-74.2316884,4.2170459],[-74.2356917,4.200165],[-74.2378582,4.1962742],[-74.243591,4.1982197],[-74.2447561,4.1913019],[-74.2406327,4.1868419],[-74.2409226,4.1699038],[-74.2447978,4.14286],[-74.2435624,4.1379623],[-74.2466484,4.1258535],[-74.2486937,4.1247237],[-74.2479741,4.1179726],[-74.2529111,4.1045679],[-74.2565663,4.0890467],[-74.2656129,4.0914363],[-74.2700021,4.0990412],[-74.2962256,4.1038096],[-74.3165283,4.1241984],[-74.3286686,4.1297459],[-74.3342075,4.1107514],[-74.3398333,4.1039588],[-74.3453577,4.0899682],[-74.3497331,4.0712615],[-74.3512379,4.055685],[-74.3536727,4.0519496],[-74.3586034,4.0486687],[-74.3646771,4.0389592],[-74.3649978,4.0326037],[-74.3618599,4.0114505],[-74.3740566,3.9860877],[-74.3617171,3.9785638],[-74.3562701,3.9702993],[-74.3551794,3.9394525],[-74.3600655,3.913613],[-74.3651144,3.8969065],[-74.3703159,3.889319],[-74.3728237,3.8809097],[-74.3811308,3.8722183],[-74.384169,3.8658723],[-74.3884712,3.86128],[-74.3927215,3.8346409],[-74.3983111,3.8196622],[-74.4068699,3.8100606],[-74.4201393,3.7882551],[-74.4281066,3.7828039],[-74.43182,3.7783311],[-74.4340093,3.7732661],[-74.4342271,3.7648206],[-74.446243,3.7581476],[-74.4504169,3.7525109],[-74.4517084,3.7460834],[-74.4510899,3.7394717],[-74.4414718,3.7284407],[-74.442177,3.7304615],[-74.434178,3.738222],[-74.4238868,3.7414922],[-74.4159831,3.7407273],[-74.4120367,3.7407951],[-74.4073294,3.7376487],[-74.402219,3.7379069],[-74.400026,3.7395274],[-74.3985355,3.7540418],[-74.3959226,3.7546488],[-74.3914532,3.7515611],[-74.3887209,3.7520491],[-74.3878355,3.7536646],[-74.3880982,3.7602911],[-74.3937739,3.7679717],[-74.392542,3.7722753],[-74.3885608,3.7725891],[-74.3786528,3.7774036],[-74.3768181,3.7795003],[-74.3767101,3.7823667],[-74.3731465,3.7830968],[-74.3631845,3.7894639],[-74.3551401,3.7999437],[-74.354038,3.8071727],[-74.3489296,3.8081476],[-74.343891,3.8118688],[-74.3372935,3.8120731],[-74.3378673,3.8223411],[-74.3365631,3.8233014],[-74.3331728,3.8227769],[-74.3307198,3.8186065],[-74.3273284,3.8177835],[-74.3202283,3.8266477],[-74.3148235,3.8279221],[-74.3097321,3.817671],[-74.2998038,3.8174695],[-74.2966594,3.8191533],[-74.2942493,3.8264474],[-74.2945092,3.832358],[-74.3001209,3.8386663],[-74.3066076,3.8404928],[-74.3045704,3.852025],[-74.3120994,3.8645576],[-74.3140527,3.8709659],[-74.3187321,3.874038],[-74.3189625,3.8788319],[-74.3126227,3.8854625],[-74.3013704,3.8835877],[-74.2928989,3.8876692],[-74.2784331,3.9057323],[-74.2761174,3.9105575],[-74.2734108,3.9242071],[-74.2698137,3.9268848],[-74.2612249,3.9281964],[-74.2570957,3.9304499],[-74.2577772,3.9422752],[-74.2608666,3.9455666],[-74.2605597,3.9485514],[-74.2518617,3.9491176],[-74.2490063,3.9515794],[-74.2461639,3.957451],[-74.2423532,3.9598099],[-74.2380469,3.9713562],[-74.234034,3.9763799],[-74.2319562,3.9880029],[-74.2267895,3.9965477],[-74.2219244,4.0007223],[-74.2180269,4.0081966],[-74.2073317,4.0139921],[-74.1975762,4.0161371],[-74.1944484,4.0147238],[-74.1930907,4.0122348],[-74.1832145,4.0089943],[-74.1763591,4.016432],[-74.169757,4.0158157],[-74.164371,4.0177603],[-74.1557637,4.0123054],[-74.1557431,4.006818],[-74.1533877,4.0031923],[-74.1438406,4.0031564]]]}},{"type":"Feature","properties":{"parentIso":"COL","name":"Cali"},"geometry":{"type":"Polygon","coordinates":[[[-75.7532076,4.0770158],[-75.7550846,4.0756071],[-75.7798125,4.074135],[-75.780972,4.0753841],[-75.7815904,4.0848299],[-75.7834366,4.0880696],[-75.7935763,4.0877125],[-75.7997568,4.09161],[-75.8268715,4.0995424],[-75.8370722,4.0985175],[-75.8398439,4.1017482],[-75.8367331,4.1062518],[-75.8354587,4.1111024],[-75.8357844,4.113865],[-75.8422727,4.1252423],[-75.8414141,4.1328956],[-75.8431475,4.1524567],[-75.8371563,4.1612955],[-75.8342381,4.1719202],[-75.8281748,4.18072],[-75.8233152,4.1931432],[-75.8217126,4.2040637],[-75.8248218,4.2138273],[-75.823848,4.226005],[-75.8192384,4.2328127],[-75.8156739,4.2416496],[-75.8117522,4.2449215],[-75.8082962,4.2561467],[-75.798424,4.2649249],[-75.7963029,4.2689295],[-75.7974263,4.2778057],[-75.7933042,4.283944],[-75.7941092,4.2859446],[-75.7926873,4.2892961],[-75.7872169,4.2933741],[-75.7936734,4.3041218],[-75.7944256,4.3098333],[-75.7967925,4.3139204],[-75.7913916,4.3488502],[-75.7892521,4.3510075],[-75.7891344,4.3538544],[-75.7958986,4.359507],[-75.7993489,4.3652904],[-75.8042663,4.3684827],[-75.80342,4.3741527],[-75.805278,4.3814183],[-75.8006297,4.3885757],[-75.8011275,4.3915318],[-75.8033403,4.3928821],[-75.8033945,4.395532],[-75.8088822,4.3983816],[-75.81193,4.4025581],[-75.8145211,4.4033335],[-75.8186525,4.4017022],[-75.8201823,4.4055597],[-75.8319922,4.4055796],[-75.8347827,4.4019221],[-75.842943,4.4026103],[-75.8463922,4.4070492],[-75.853497,4.4073501],[-75.8514749,4.4108162],[-75.8581374,4.4159278],[-75.861556,4.4113147],[-75.8668384,4.4104559],[-75.8778809,4.4101848],[-75.879511,4.4115366],[-75.8870002,4.4117414],[-75.8937171,4.4145471],[-75.8954419,4.4167665],[-75.8931321,4.420136],[-75.8956196,4.4258261],[-75.8935035,4.4281358],[-75.8912977,4.4263975],[-75.8889919,4.4272611],[-75.8879184,4.4380535],[-75.883688,4.4414198],[-75.8838776,4.4429621],[-75.8869473,4.4447982],[-75.886367,4.4473994],[-75.8757058,4.4490205],[-75.8720526,4.451713],[-75.8664818,4.4525712],[-75.8650386,4.4543036],[-75.8754994,4.4578867],[-75.8802895,4.4647371],[-75.8801861,4.4692666],[-75.8743249,4.4714736],[-75.8734574,4.4734961],[-75.8740229,4.4800505],[-75.8794882,4.485071],[-75.8790048,4.4870941],[-75.8761219,4.4883422],[-75.8726349,4.5000001],[-75.870446,4.5189534],[-75.8715669,4.5235712],[-75.8794099,4.5269452],[-75.881284,4.5313303],[-75.881145,4.5353167],[-75.8791808,4.5388045],[-75.8721263,4.5438067],[-75.8706652,4.5464621],[-75.8755569,4.5512543],[-75.8755485,4.5563042],[-75.8698852,4.5586009],[-75.8682845,4.563375],[-75.8663404,4.5634349],[-75.8653282,4.5703733],[-75.8661188,4.5727667],[-75.8723069,4.5787671],[-75.8723266,4.5824781],[-75.8691253,4.5883612],[-75.8606542,4.5934882],[-75.8598549,4.5962775],[-75.8613035,4.601064],[-75.8660594,4.6079824],[-75.8643254,4.6152884],[-75.8604818,4.6170094],[-75.8531865,4.6236412],[-75.8505298,4.6282878],[-75.848792,4.637587],[-75.8445483,4.6409018],[-75.8352706,4.6448722],[-75.8287682,4.6521695],[-75.8269436,4.6545301],[-75.8256417,4.6634457],[-75.8226052,4.6640221],[-75.8202548,4.6613605],[-75.8174394,4.6617176],[-75.8137468,4.6588941],[-75.8091539,4.6587802],[-75.8073226,4.6562359],[-75.8066509,4.6576975],[-75.8016839,4.6595527],[-75.7976478,4.6598368],[-75.7958551,4.6584107],[-75.793917,4.660029],[-75.7890953,4.6600624],[-75.7838465,4.6589311],[-75.7822666,4.6569318],[-75.7822743,4.6527178],[-75.7802291,4.6538509],[-75.779268,4.6528422],[-75.7784596,4.6545646],[-75.7739124,4.6534691],[-75.7738131,4.6548148],[-75.7680828,4.6522479],[-75.7626664,4.6534649],[-75.7621245,4.6517219],[-75.760736,4.6528573],[-75.7579963,4.6507729],[-75.7387548,4.6550499],[-75.7252813,4.6519927],[-75.7230223,4.6536173],[-75.7161019,4.6521936],[-75.7056881,4.6547329],[-75.7048712,4.6560388],[-75.7078318,4.6776458],[-75.714271,4.7129745],[-75.7202969,4.7124985],[-75.720778,4.7105007],[-75.7222947,4.7118392],[-75.725061,4.7111134],[-75.7274397,4.7088093],[-75.7288161,4.7097216],[-75.7299044,4.707671],[-75.7309846,4.7105953],[-75.7314665,4.7078736],[-75.7334836,4.7098302],[-75.7344148,4.707657],[-75.7351613,4.7103033],[-75.7389032,4.7094369],[-75.7391017,4.7107931],[-75.7418026,4.7116475],[-75.743802,4.7104325],[-75.7450796,4.7118905],[-75.7470594,4.7114142],[-75.7467863,4.71295],[-75.7498682,4.7114239],[-75.7509118,4.7124445],[-75.7525697,4.709966],[-75.7540814,4.7115406],[-75.7543252,4.7099562],[-75.7580601,4.7104032],[-75.7581578,4.7121278],[-75.7610975,4.7112159],[-75.7640297,4.7156778],[-75.7704941,4.7141121],[-75.7728413,4.7170941],[-75.771379,4.718914],[-75.7727888,4.7179723],[-75.7734563,4.7200202],[-75.7745062,4.7186674],[-75.7751736,4.7214925],[-75.7767709,4.7207264],[-75.7766847,4.7220231],[-75.7788995,4.7211288],[-75.7795369,4.7221078],[-75.7796944,4.7201647],[-75.7827916,4.7191781],[-75.7853413,4.7224815],[-75.7860538,4.7185428],[-75.7875236,4.7191557],[-75.7895934,4.7168463],[-75.7902908,4.7183336],[-75.7904708,4.7168238],[-75.7918432,4.7168164],[-75.7915657,4.7184307],[-75.7944066,4.7196474],[-75.7959627,4.7185338],[-75.7967539,4.7206601],[-75.8004165,4.7209089],[-75.7990216,4.7236518],[-75.8017214,4.7231398],[-75.8023798,4.7250071],[-75.8008158,4.7256998],[-75.802836,4.7285899],[-75.8063659,4.7282219],[-75.8067895,4.726923],[-75.8084512,4.7277023],[-75.8082774,4.729629],[-75.8117204,4.7275941],[-75.8112968,4.7301161],[-75.8151525,4.7300836],[-75.8191444,4.7322014],[-75.8190924,4.7335349],[-75.8207052,4.7322485],[-75.8212922,4.7337158],[-75.82334,4.7330283],[-75.831427,4.7371752],[-75.8415091,4.7282503],[-75.8433388,4.7288489],[-75.8442509,4.7275686],[-75.8468522,4.7312588],[-75.8507375,4.7316036],[-75.8564693,4.7275049],[-75.8555392,4.7313034],[-75.8490773,4.7377699],[-75.8464928,4.7480942],[-75.8467841,4.7563628],[-75.8446281,4.7599825],[-75.8453544,4.7660752],[-75.8472379,4.768939],[-75.8467101,4.772475],[-75.848278,4.7739726],[-75.8479814,4.7763194],[-75.8506688,4.7787807],[-75.857052,4.7782586],[-75.8632446,4.77423],[-75.869822,4.7750799],[-75.8783572,4.7687098],[-75.8788912,4.7631643],[-75.8889464,4.7547117],[-75.8980102,4.7586801],[-75.9073934,4.7518746],[-75.9169517,4.7567701],[-75.9132198,4.7610964],[-75.9150857,4.7635631],[-75.9203409,4.7600338],[-75.9220926,4.7595405],[-75.9238063,4.7609825],[-75.9244917,4.7626523],[-75.9198839,4.7678514],[-75.9204551,4.7693693],[-75.9250629,4.7700524],[-75.926053,4.7672442],[-75.928414,4.7664093],[-75.9294803,4.7695591],[-75.9273859,4.774113],[-75.9284521,4.7799191],[-75.9219022,4.7774904],[-75.9219403,4.7806781],[-75.928871,4.7841314],[-75.9273478,4.7883816],[-75.9211787,4.7884954],[-75.9188177,4.7899374],[-75.9177133,4.7942255],[-75.9215214,4.7975649],[-75.92274,4.8020807],[-75.9274239,4.7999177],[-75.9306989,4.7999935],[-75.9320317,4.8031432],[-75.9314224,4.8060651],[-75.9362018,4.8069778],[-75.9343747,4.8102003],[-75.9267676,4.8120946],[-75.920712,4.816989],[-75.9181572,4.8163437],[-75.9175011,4.8136278],[-75.9120956,4.814522],[-75.9104181,4.8173587],[-75.91066,4.826394],[-75.902536,4.8368345],[-75.9066374,4.8461346],[-75.9062472,4.8485863],[-75.9017426,4.8492238],[-75.9008332,4.8542559],[-75.9122733,4.8611164],[-75.9148237,4.8745441],[-75.9209388,4.8690499],[-75.9248358,4.8673826],[-75.9281807,4.8632032],[-75.944881,4.8565353],[-75.9556206,4.8640215],[-75.9710231,4.8590898],[-75.9888022,4.8733483],[-75.9904581,4.8814423],[-75.9873636,4.9029211],[-75.988184,4.9115717],[-75.9915217,4.9118562],[-76.0019326,4.9209455],[-76.0119188,4.926221],[-76.0133522,4.9303609],[-76.0210082,4.9364146],[-76.0270618,4.9378817],[-76.0316059,4.9539031],[-76.0343172,4.9570779],[-76.0345454,4.9658355],[-76.038979,4.972548],[-76.0433384,4.9840714],[-76.046424,4.9869877],[-76.0450258,4.9936625],[-76.0493089,5.0004034],[-76.0496602,5.0079827],[-76.0540021,5.0097303],[-76.057858,5.0138506],[-76.0638701,5.0148436],[-76.0661314,5.0165406],[-76.0683949,5.0243827],[-76.0779952,5.0358684],[-76.0789814,5.0350009],[-76.0918964,5.0368707],[-76.0963141,5.0345327],[-76.0968829,5.030471],[-76.0942563,5.01101],[-76.0983334,5.0003032],[-76.0978462,4.9954112],[-76.0915141,4.9835916],[-76.0905401,4.9470908],[-76.0939718,4.9410499],[-76.0975154,4.9216631],[-76.10713,4.9135988],[-76.1142621,4.8898263],[-76.1171622,4.8860946],[-76.116704,4.8811147],[-76.1205108,4.8767711],[-76.1259818,4.8748988],[-76.1307656,4.8624697],[-76.1306204,4.8558734],[-76.1351831,4.8523575],[-76.1370759,4.841883],[-76.1533049,4.8356269],[-76.1643973,4.8353374],[-76.173837,4.8321958],[-76.1818772,4.8325953],[-76.1942756,4.8285955],[-76.2109224,4.830241],[-76.2234419,4.8200157],[-76.2325004,4.8080059],[-76.2604995,4.790926],[-76.2734841,4.7745119],[-76.2837249,4.7700741],[-76.2990903,4.7594809],[-76.30455,4.7588025],[-76.3059201,4.7540121],[-76.3059311,4.7440859],[-76.3021138,4.7355881],[-76.2906824,4.7232904],[-76.2878943,4.7122508],[-76.2911388,4.7025254],[-76.296431,4.69684],[-76.2964417,4.6872561],[-76.3012374,4.6694626],[-76.3002313,4.6537164],[-76.3132208,4.6290861],[-76.318002,4.6239569],[-76.3190286,4.6208774],[-76.3183602,4.6078698],[-76.3272381,4.5993221],[-76.3330497,4.5870058],[-76.3402175,4.5825635],[-76.3443173,4.5760642],[-76.3443319,4.5616881],[-76.3460394,4.5596361],[-76.3637779,4.5579425],[-76.3787847,4.5593264],[-76.3821969,4.5579606],[-76.3880082,4.5446168],[-76.3968553,4.5386261],[-76.3967062,4.5333235],[-76.3917992,4.5254508],[-76.3849612,4.5206534],[-76.3687363,4.498027],[-76.3657532,4.4967144],[-76.3642198,4.4913134],[-76.3671496,4.4894191],[-76.3712834,4.4896381],[-76.3802338,4.4931803],[-76.3834765,4.4925477],[-76.3862532,4.4879979],[-76.3866382,4.4812182],[-76.3929791,4.4732785],[-76.4011232,4.4740938],[-76.409466,4.4662097],[-76.4094732,4.4582336],[-76.4112194,4.456387],[-76.4172292,4.4553225],[-76.4177209,4.4472494],[-76.4258622,4.4467703],[-76.4308036,4.4482338],[-76.4330344,4.446193],[-76.4338136,4.4417193],[-76.4475764,4.4406612],[-76.4533975,4.4332735],[-76.4736788,4.4231296],[-76.4805219,4.4147018],[-76.4923402,4.4130004],[-76.4963609,4.4141229],[-76.498665,4.4124682],[-76.5003434,4.413326],[-76.5036909,4.4103511],[-76.5066909,4.4103148],[-76.5131301,4.4040166],[-76.5158691,4.4030702],[-76.52507,4.4043806],[-76.5354451,4.4007457],[-76.5368993,4.3972624],[-76.5387302,4.3964402],[-76.546362,4.3981179],[-76.5468443,4.4018731],[-76.552387,4.4011122],[-76.5547258,4.398875],[-76.5538788,4.3953769],[-76.5502394,4.3929609],[-76.5492332,4.3889776],[-76.5510774,4.3647947],[-76.5480654,4.3492508],[-76.5455811,4.3408127],[-76.5411327,4.3333585],[-76.5326003,4.3281366],[-76.5244454,4.3143462],[-76.5222405,4.2841677],[-76.5103748,4.2707471],[-76.5040799,4.2521148],[-76.4959205,4.2457753],[-76.4739084,4.2342385],[-76.4684934,4.2318385],[-76.4654345,4.2326906],[-76.458004,4.2314591],[-76.4550101,4.229462],[-76.4536802,4.2249217],[-76.4541027,4.2197101],[-76.4512856,4.2157169],[-76.4513561,4.2097306],[-76.4467079,4.2045189],[-76.4443838,4.1905955],[-76.4448768,4.175693],[-76.4529759,4.1449163],[-76.4569198,4.1403104],[-76.4669909,4.122281],[-76.4726533,4.1035825],[-76.4773015,4.0992865],[-76.4798369,4.0935114],[-76.4844146,4.0895675],[-76.4901897,4.0813697],[-76.4944153,4.069538],[-76.4989227,4.0638333],[-76.5016693,4.0625657],[-76.5046977,4.0638333],[-76.509698,4.0633404],[-76.5150505,4.0669321],[-76.5244174,4.0672843],[-76.5253329,4.0619318],[-76.5320235,4.0584809],[-76.53639,4.052565],[-76.5373614,4.0451008],[-76.5415255,4.0437326],[-76.5410496,4.030943],[-76.5423583,4.0247861],[-76.5379563,4.018778],[-76.5385419,4.0159322],[-76.5529078,4.0053818],[-76.5690734,3.9882913],[-76.5911292,3.9697885],[-76.5938157,3.9727819],[-76.592651,3.9878671],[-76.5957022,3.9966385],[-76.5996298,4.0001487],[-76.607488,4.0019072],[-76.6240759,4.0089323],[-76.6297521,4.0089354],[-76.6349936,4.0054304],[-76.678239,3.9659889],[-76.6852254,3.9646768],[-76.693957,3.9659963],[-76.7166567,3.9756533],[-76.7406652,3.9892567],[-76.7458886,3.9945066],[-76.7513875,3.9976521],[-76.7589981,3.9982212],[-76.7719662,3.9945461],[-76.7754259,3.995474],[-76.7785887,3.999316],[-76.7885839,4.0058256],[-76.7945122,4.0081423],[-76.8074216,4.0057858],[-76.8156311,4.0079782],[-76.8209718,4.0127269],[-76.8250766,4.0210983],[-76.8256545,4.0293839],[-76.8279083,4.0336309],[-76.8318541,4.036463],[-76.8409342,4.0392542],[-76.8487056,4.038345],[-76.8568937,4.03133],[-76.8631593,4.0301217],[-76.8671957,4.0327645],[-76.8721584,4.0381328],[-76.8723177,4.0402359],[-76.8679353,4.0438334],[-76.8679347,4.0463811],[-76.8725941,4.0505938],[-76.8755544,4.0604238],[-76.8803838,4.0662641],[-76.8859459,4.0666374],[-76.8894098,4.0683773],[-76.8926855,4.0730663],[-76.893424,4.0796136],[-76.902262,4.0923113],[-76.9259021,4.1043483],[-76.9357978,4.1065866],[-76.9413594,4.1137922],[-76.9481652,4.1178928],[-76.9643709,4.1210012],[-76.9758766,4.119822],[-76.9830849,4.117279],[-76.9903251,4.1187217],[-76.9930329,4.1090577],[-77.0001714,4.0998084],[-77.0135445,4.1009606],[-77.0198493,4.097508],[-77.0352181,4.1005546],[-77.0457035,4.1000616],[-77.055042,4.101707],[-77.0629404,4.0994932],[-77.069775,4.1002814],[-77.0858051,4.1089329],[-77.0935223,4.1016805],[-77.1072831,4.1024549],[-77.1096395,4.1036857],[-77.1120048,4.1123542],[-77.121401,4.1198757],[-77.1251876,4.126119],[-77.1307662,4.1533421],[-77.1364008,4.1602654],[-77.1407991,4.1612464],[-77.1480854,4.1673681],[-77.152999,4.1770619],[-77.1574052,4.1821221],[-77.162028,4.1836531],[-77.1667172,4.1831827],[-77.1876398,4.1727667],[-77.2028682,4.1725334],[-77.2071022,4.1704888],[-77.2092474,4.1627373],[-77.2142065,4.1566083],[-77.2188823,4.1555451],[-77.2243245,4.1579458],[-77.2289901,4.1643694],[-77.2387032,4.1721168],[-77.2463246,4.1807888],[-77.2498879,4.187931],[-77.2510706,4.195583],[-77.2490614,4.2265822],[-77.2515758,4.2320106],[-77.2589054,4.2340529],[-77.2650942,4.2330703],[-77.2688397,4.2309437],[-77.2758059,4.2258487],[-77.2805883,4.2201389],[-77.2872986,4.2061842],[-77.2854633,4.1932928],[-77.2881658,4.181119],[-77.3046522,4.1664278],[-77.3088049,4.1660178],[-77.315646,4.1698583],[-77.3337303,4.1907982],[-77.3437254,4.1960677],[-77.3516715,4.1971579],[-77.3609987,4.1935108],[-77.3720081,4.1844932],[-77.3749584,4.1799316],[-77.3760671,4.1732675],[-77.3782724,4.1693555],[-77.3899963,4.1608256],[-77.3879775,4.1520025],[-77.3908766,4.1479212],[-77.4172142,4.1434054],[-77.4294485,4.1447575],[-77.4378755,4.1425457],[-77.4417741,4.1376121],[-77.4437924,4.1251702],[-77.4305819,4.1049654],[-77.4283767,4.0973137],[-77.4287126,4.0918719],[-77.4341595,4.0772531],[-77.4330101,4.07785],[-77.43172,4.07451],[-77.43194,4.0636899],[-77.4309099,4.0629199],[-77.4304,4.06395],[-77.42575,4.0523699],[-77.42421,4.0536601],[-77.4236999,4.0521201],[-77.42675,4.0424501],[-77.42905,4.0417999],[-77.4329101,4.0435899],[-77.43675,4.04152],[-77.4379811,4.0391074],[-77.4392881,4.026868],[-77.4367479,4.0110438],[-77.4073499,3.99034],[-77.4024699,3.98649],[-77.40375,3.98481],[-77.4017,3.98469],[-77.39861,3.98148],[-77.39347,3.97982],[-77.3939765,3.9824966],[-77.3895621,3.9839271],[-77.38939,3.9865301],[-77.3917,3.9865301],[-77.3914499,3.9883299],[-77.38914,3.9896201],[-77.3864293,3.9824876],[-77.3824167,3.9815992],[-77.3786334,3.9733756],[-77.3737,3.9700899],[-77.3786697,3.966667],[-77.3812045,3.9685742],[-77.3800673,3.9724915],[-77.38089808109262,3.975062597124411],[-77.383332,3.9740029],[-77.3826599,3.9659401],[-77.3720324,3.9515748],[-77.3652564377017,3.933499484580903],[-77.36211966603665,3.928626721797535],[-77.3587382,3.9266806],[-77.35203,3.929012982460177],[-77.3504233,3.9309139],[-77.3509169,3.9320592],[-77.351684,3.9305045],[-77.3519671,3.9328286],[-77.3485968,3.930847],[-77.3471701,3.93332],[-77.3464001,3.93255],[-77.34489,3.9426101],[-77.34259,3.9464901],[-77.3379796,3.9652685],[-77.3354079,3.9689076],[-77.3357679,3.9714961],[-77.333377,3.9761418],[-77.3307876,3.9753936],[-77.329528,3.9725097],[-77.3249269,3.9730807],[-77.3241148,3.9765105],[-77.3269059,3.9785815],[-77.3264145,3.9809747],[-77.3249827,3.9809255],[-77.3261441,3.9830554],[-77.3239925,3.9820937],[-77.3241073,3.9844312],[-77.3217137,3.9870438],[-77.3227018,3.9884576],[-77.3238499,3.98749],[-77.3237301,3.98904],[-77.32091,3.9900801],[-77.31977,3.99523],[-77.32426,3.9959801],[-77.3207,4.0070801],[-77.3183801,4.00528],[-77.31557,4.00684],[-77.3158301,4.00993],[-77.3201899,4.0107],[-77.31765,4.01662],[-77.3140501,4.0150901],[-77.3156001,4.01791],[-77.3117499,4.0184399],[-77.31189,4.02385],[-77.3140799,4.0248801],[-77.31447,4.0266799],[-77.3138301,4.02926],[-77.30921,4.0282399],[-77.30781,4.03005],[-77.30833,4.0339099],[-77.3105099,4.0346701],[-77.3078301,4.0377701],[-77.3087299,4.03983],[-77.3069301,4.0388099],[-77.30592,4.04371],[-77.30464,4.0442201],[-77.30514,4.0401001],[-77.3028301,4.03959],[-77.29489,4.04528],[-77.2961799,4.0455401],[-77.29567,4.04683],[-77.2918201,4.0465799],[-77.29208,4.0489001],[-77.29054,4.0481299],[-77.2877199,4.0502],[-77.28567,4.04995],[-77.28376,4.0530399],[-77.28543,4.0551101],[-77.28107,4.0546],[-77.28235,4.05665],[-77.28031,4.0600101],[-77.28211,4.06232],[-77.27878,4.0615601],[-77.2777299,4.05795],[-77.27901,4.05486],[-77.2751699,4.05564],[-77.27465,4.0543599],[-77.27542,4.05487],[-77.2751599,4.0525501],[-77.2774601,4.05073],[-77.28055,4.05305],[-77.28208,4.0496999],[-77.2836199,4.0496899],[-77.28156,4.0484],[-77.28155,4.0453201],[-77.2784701,4.0440299],[-77.2777099,4.0486799],[-77.27668,4.04662],[-77.2751401,4.0465],[-77.2731,4.04895],[-77.2707901,4.04896],[-77.2692699,4.0566899],[-77.26723,4.05953],[-77.2651699,4.05954],[-77.26287,4.06263],[-77.26107,4.06084],[-77.25711,4.0647099],[-77.257,4.0711499],[-77.25519,4.06832],[-77.2539101,4.0685799],[-77.25111,4.0758099],[-77.2470001,4.07608],[-77.2436701,4.0740201],[-77.24263,4.07197],[-77.24339,4.0681],[-77.2421101,4.0681],[-77.24262,4.0699001],[-77.2413401,4.07017],[-77.2415899,4.0660399],[-77.2439001,4.0660399],[-77.2457099,4.0692499],[-77.2482699,4.0691201],[-77.24928,4.06551],[-77.2464699,4.06706],[-77.24633,4.06551],[-77.2490201,4.0642201],[-77.24851,4.0634501],[-77.2503,4.06396],[-77.2506801,4.06164],[-77.25261,4.06266],[-77.25465,4.05853],[-77.25696,4.05788],[-77.2574799,4.05943],[-77.2569399,4.0526],[-77.2528299,4.05261],[-77.25028,4.0546801],[-77.24875,4.05907],[-77.24644,4.05932],[-77.23953,4.06476],[-77.24387,4.05753],[-77.24207,4.0554799],[-77.2382301,4.0562599],[-77.2366899,4.0575501],[-77.2366999,4.05987],[-77.23439,4.0593599],[-77.2331101,4.0616899],[-77.23131,4.0606601],[-77.2305501,4.0650399],[-77.22849,4.0632499],[-77.22874,4.05861],[-77.2223301,4.0608099],[-77.21515,4.0607099],[-77.2123301,4.06252],[-77.21517,4.0694699],[-77.21363,4.0710201],[-77.2088701,4.06562],[-77.20873,4.06021],[-77.20438,4.06331],[-77.2054,4.0604699],[-77.20436,4.0587999],[-77.20719,4.05905],[-77.21026,4.0555701],[-77.20384,4.0561],[-77.2005,4.05405],[-77.20051,4.0553401],[-77.1956401,4.0579199],[-77.1941001,4.05664],[-77.1946,4.05484],[-77.1892199,4.05665],[-77.18716,4.0536999],[-77.18357,4.0527999],[-77.1835599,4.04971],[-77.1874,4.04906],[-77.1876699,4.0504699],[-77.1876599,4.04893],[-77.19126,4.05008],[-77.1961299,4.04916],[-77.1976601,4.0414301],[-77.20073,4.04194],[-77.1994401,4.0400099],[-77.19414,4.0403201],[-77.19507,4.03886],[-77.1927601,4.03809],[-77.19661,4.03783],[-77.19661,4.0357601],[-77.2012299,4.03627],[-77.2037899,4.03471],[-77.20404,4.0318801],[-77.19737,4.0308701],[-77.1981299,4.0287999],[-77.20325,4.0269901],[-77.2032399,4.0231199],[-77.2047799,4.0238899],[-77.2046501,4.0220901],[-77.21092,4.01769],[-77.2114301,4.01537],[-77.2088701,4.0146],[-77.2104,4.01202],[-77.20885,4.00996],[-77.2098701,4.0085499],[-77.21628,4.0075],[-77.2201199,4.00259],[-77.2242201,4.00091],[-77.22485,3.9972901],[-77.2303599,3.9958701],[-77.2320199,3.99161],[-77.2344601,3.99379],[-77.2385601,3.99134],[-77.24087,3.99184],[-77.2413699,3.98824],[-77.2395799,3.9887599],[-77.23906,3.98747],[-77.24009,3.98772],[-77.2403401,3.9854101],[-77.24316,3.98591],[-77.2424,3.98669],[-77.2447099,3.9895201],[-77.24907,3.9880899],[-77.2495801,3.98693],[-77.24752,3.9856401],[-77.2448199,3.98668],[-77.2470201,3.98526],[-77.24584,3.98359],[-77.2487901,3.97946],[-77.24443,3.9807599],[-77.24341,3.98256],[-77.2446999,3.9833299],[-77.2421301,3.98437],[-77.24163,3.98257],[-77.2398199,3.98335],[-77.2404699,3.9812901],[-77.23852,3.97768],[-77.23494,3.97949],[-77.2339001,3.9766599],[-77.2321101,3.9779601],[-77.23287,3.9748599],[-77.23505,3.97305],[-77.2335,3.971],[-77.23465,3.96893],[-77.23799,3.9684099],[-77.23927,3.9702099],[-77.2390299,3.97394],[-77.24595,3.97302],[-77.2457099,3.97457],[-77.2513401,3.97224],[-77.25197,3.9694001],[-77.2539001,3.96991],[-77.2566999,3.96423],[-77.25285,3.96424],[-77.2532401,3.9632099],[-77.25798,3.9614001],[-77.25566,3.9590799],[-77.25464,3.9598599],[-77.25421,3.95789],[-77.2574601,3.9597201],[-77.2600201,3.95933],[-77.26156,3.95804],[-77.2613,3.95546],[-77.2651401,3.9549401],[-77.2642,3.9519301],[-77.2651401,3.95236],[-77.2653899,3.95055],[-77.2663,3.95468],[-77.26118,3.9606201],[-77.26542,3.96278],[-77.2682401,3.96034],[-77.26875,3.96188],[-77.26773,3.9634299],[-77.2625999,3.9624099],[-77.26286,3.96499],[-77.2603,3.9668],[-77.26595,3.9690999],[-77.2615899,3.96834],[-77.2600499,3.97092],[-77.25621,3.97068],[-77.25621,3.9719699],[-77.2539001,3.9727401],[-77.25263,3.9768699],[-77.25622,3.9759601],[-77.26007,3.97736],[-77.25777,3.9785299],[-77.2552,3.97712],[-77.25366,3.97893],[-77.25418,3.98047],[-77.257,3.97982],[-77.2564899,3.982],[-77.2603401,3.9810999],[-77.25906,3.98278],[-77.26009,3.98458],[-77.26189,3.98457],[-77.2636801,3.98238],[-77.26496,3.98302],[-77.26343,3.9856],[-77.2647099,3.98392],[-77.26599,3.9843001],[-77.26497,3.9861099],[-77.27318,3.98647],[-77.2747199,3.98557],[-77.2733,3.98428],[-77.2757299,3.9822199],[-77.2746901,3.9762901],[-77.27597,3.97603],[-77.27933,3.9822099],[-77.28189,3.9814199],[-77.2813701,3.97782],[-77.2831501,3.97524],[-77.2816099,3.97472],[-77.28366,3.97369],[-77.2816099,3.9731801],[-77.28431,3.97369],[-77.2839399,3.97936],[-77.28522,3.9790899],[-77.2857299,3.9806399],[-77.29175,3.9772801],[-77.29097,3.9729],[-77.2933899,3.96748],[-77.29954,3.9623099],[-77.2959301,3.9577],[-77.2931404,3.9578517],[-77.2959301,3.9571701],[-77.2957808,3.9558833],[-77.2938368,3.955848],[-77.2964346,3.9545081],[-77.297707,3.9504531],[-77.2986967,3.9507],[-77.2978838,3.954896],[-77.304882,3.9509468],[-77.3067642,3.9478962],[-77.3060573,3.9517749],[-77.3022397,3.9552155],[-77.3000403,3.9553547],[-77.3001584,3.9571742],[-77.2975191,3.9570672],[-77.3010596,3.9591436],[-77.3033448,3.9584372],[-77.3026001,3.9574099],[-77.3096748,3.957688],[-77.3093316,3.9551926],[-77.3119118,3.9542582],[-77.3131489,3.9554747],[-77.3141562,3.9513669],[-77.3171782,3.9515079],[-77.3159,3.94398],[-77.31255,3.9372899],[-77.3122701,3.9292899],[-77.31636,3.9251699],[-77.3161,3.92375],[-77.31688,3.92491],[-77.3206001,3.9249],[-77.3183901,3.91563],[-77.31915,3.9120201],[-77.3219699,3.9112501],[-77.32066,3.90223],[-77.31733,3.90211],[-77.3137399,3.90431],[-77.3127299,3.9097199],[-77.31324,3.90663],[-77.3111799,3.9055999],[-77.30914,3.90844],[-77.30836,3.9053501],[-77.3052801,3.90433],[-77.30167,3.8989299],[-77.29808,3.89997],[-77.2986001,3.901],[-77.29732,3.90152],[-77.2978201,3.9004899],[-77.29655,3.9012599],[-77.28678,3.89522],[-77.2795999,3.89564],[-77.28166,3.9013],[-77.2785801,3.8977099],[-77.27499,3.8966901],[-77.27831,3.89667],[-77.28267,3.8904799],[-77.28754,3.8903401],[-77.2906001,3.88273],[-77.2932899,3.88118],[-77.2931501,3.8791201],[-77.2908499,3.87783],[-77.2933999,3.87654],[-77.29378,3.8742201],[-77.29647,3.8734401],[-77.2952,3.87576],[-77.29724,3.8760001],[-77.29878,3.8744601],[-77.3041699,3.87419],[-77.30275,3.8713599],[-77.3035001,3.8656899],[-77.30235,3.86106],[-77.2931,3.8582499],[-77.29258,3.85593],[-77.28975,3.85439],[-77.28897,3.8500099],[-77.28564,3.8505401],[-77.28435,3.8490001],[-77.2846001,3.8458999],[-77.28332,3.8456501],[-77.2812501,3.8394699],[-77.27534,3.8376799],[-77.27407,3.8413],[-77.2733,3.83872],[-77.27098,3.8377],[-77.2686801,3.8400199],[-77.2673899,3.83925],[-77.2681599,3.83719],[-77.2671301,3.83539],[-77.26533,3.83514],[-77.26456,3.8333301],[-77.2599399,3.83128],[-77.25867,3.8333499],[-77.26084,3.8338601],[-77.25867,3.83593],[-77.2555899,3.8346601],[-77.25506,3.8307799],[-77.2540399,3.83207],[-77.25275,3.8307899],[-77.25019,3.8315699],[-77.2496701,3.82795],[-77.2471101,3.82874],[-77.2448099,3.83339],[-77.2354767,3.8359714],[-77.2248006,3.8299544],[-77.2227647,3.8318515],[-77.2244945,3.8340587],[-77.2234932,3.8358753],[-77.2202667,3.8352471],[-77.2196145,3.8370039],[-77.2145038,3.8347116],[-77.213139,3.8355847],[-77.2052087,3.8335746],[-77.2037966,3.8383801],[-77.2019275,3.8397656],[-77.1960901,3.8378899],[-77.194659,3.8387659],[-77.1851029,3.8316071],[-77.1810613,3.8313983],[-77.1759895,3.8427934],[-77.1781986,3.8452613],[-77.1840818,3.8470544],[-77.1850248,3.8483775],[-77.1831409,3.8509273],[-77.1831988,3.8475393],[-77.1772775,3.8459636],[-77.1720945,3.8490312],[-77.1688823,3.8487709],[-77.169143,3.8456574],[-77.1676151,3.8452699],[-77.1658211,3.8462688],[-77.1626638,3.8534911],[-77.1578068,3.853611],[-77.1546809,3.8557245],[-77.1534501,3.8548534],[-77.1486228,3.8575034],[-77.1470659,3.8600529],[-77.13435,3.86974],[-77.1348699,3.87283],[-77.1264817,3.8706443],[-77.1262273,3.8722928],[-77.1243574,3.8724279],[-77.1223775,3.8751968],[-77.1122664,3.875315],[-77.1069499,3.88862],[-77.1059567,3.8952534],[-77.1033186,3.8971302],[-77.1048491,3.897024],[-77.10389,3.8989299],[-77.1029293,3.898212],[-77.10252,3.8995242],[-77.1000401,3.89688],[-77.0977299,3.8971499],[-77.0966655,3.8924081],[-77.0936199,3.89509],[-77.09466,3.8987001],[-77.0991247,3.9003474],[-77.097162,3.9012791],[-77.0949139,3.9003647],[-77.0947842,3.9022797],[-77.098225,3.9028274],[-77.0987789,3.9050266],[-77.0991173,3.9027803],[-77.1000308,3.9042386],[-77.102707,3.9023246],[-77.1033411,3.9042225],[-77.1019956,3.9047975],[-77.1035987,3.9057123],[-77.1049393,3.9034011],[-77.1068555,3.9035511],[-77.10455,3.90666],[-77.10699,3.9079399],[-77.1006386,3.9063155],[-77.0993859,3.9077306],[-77.0904545,3.9096625],[-77.0893702,3.9114117],[-77.0907525,3.9147716],[-77.0891713,3.9132635],[-77.0884904,3.9152718],[-77.0872554,3.9149668],[-77.0866262,3.911496],[-77.0856903,3.9135639],[-77.0838194,3.9118438],[-77.0857099,3.9100599],[-77.0841599,3.9082601],[-77.0805701,3.9093],[-77.0791515,3.9080815],[-77.08185,3.9067199],[-77.08775,3.90696],[-77.08465,3.9031],[-77.0818399,3.90208],[-77.0767387,3.9040995],[-77.0726099,3.9040399],[-77.0708099,3.90262],[-77.0664501,3.90418],[-77.0651762,3.9015399],[-77.0625899,3.9008399],[-77.0574534,3.9055075],[-77.0582599,3.91153],[-77.0539597,3.9090743],[-77.0543855,3.9070474],[-77.0527387,3.9062691],[-77.0456166,3.9089665],[-77.0445768,3.9054944],[-77.0451499,3.9026901],[-77.0480657,3.9013721],[-77.0484799,3.89984],[-77.0466801,3.89908],[-77.0491146,3.8914588],[-77.0495597,3.8947787],[-77.0514953,3.8954369],[-77.0591315,3.8929434],[-77.054741,3.8870674],[-77.0529552,3.8869959],[-77.0533971,3.8833216],[-77.0549228,3.8835071],[-77.0549008,3.8822743],[-77.051532,3.8812265],[-77.0548914,3.8669524],[-77.062931,3.8673825],[-77.0650403,3.865066],[-77.0600754,3.8520992],[-77.0651883,3.8616265],[-77.0677237,3.8635581],[-77.0682457,3.8612805],[-77.0708954,3.8593743],[-77.0709772,3.8562454],[-77.0824017,3.8583039],[-77.0968988,3.8527432],[-77.0978426,3.8498157],[-77.09632,3.84562],[-77.0975579,3.8444246],[-77.1024901,3.84882],[-77.10608,3.8484301],[-77.10798,3.84095],[-77.1132867,3.8355872],[-77.1113999,3.82214],[-77.1078,3.82059],[-77.1084625,3.81582],[-77.11523,3.8185201],[-77.1239599,3.81836],[-77.1369865,3.8100886],[-77.132,3.80224],[-77.12981,3.80006],[-77.1283888,3.8004329],[-77.1284314,3.7985579],[-77.12313,3.7960801],[-77.12287,3.79325],[-77.13237,3.79503],[-77.1386821,3.8069056],[-77.142298,3.8096008],[-77.1475617,3.8092098],[-77.1459706,3.8072969],[-77.1459354,3.7939987],[-77.14338,3.78856],[-77.1395299,3.7881801],[-77.1376397,3.7898242],[-77.1340164,3.7861145],[-77.1347008,3.7815182],[-77.1314535,3.7777357],[-77.12848,3.77777],[-77.1311701,3.77622],[-77.13103,3.7741601],[-77.1264099,3.77159],[-77.13822,3.77504],[-77.1446328,3.7701759],[-77.1454328,3.7678835],[-77.1430997,3.7655212],[-77.1342425,3.7652557],[-77.1356928,3.76393],[-77.1340538,3.7632339],[-77.1357337,3.7620897],[-77.1328318,3.7591297],[-77.1398178,3.7614891],[-77.143902,3.7609321],[-77.1445085,3.7595736],[-77.1424235,3.7550049],[-77.1381011,3.7517974],[-77.1520847,3.7513727],[-77.163521,3.7576885],[-77.1657297,3.7575172],[-77.1692337,3.7520472],[-77.1845688,3.7447279],[-77.19048,3.74979],[-77.19074,3.75288],[-77.1933001,3.7518499],[-77.19471,3.74823],[-77.1969901,3.73844],[-77.19619,3.7276199],[-77.18915,3.6779099],[-77.1864499,3.6776601],[-77.18646,3.67998],[-77.1725731,3.6979833],[-77.1676113,3.6935127],[-77.1703299,3.69032],[-77.1690525,3.6851642],[-77.16326,3.6835407],[-77.16312,3.6796808],[-77.16403,3.6835407],[-77.1658071,3.6841053],[-77.1656401,3.6624107],[-77.1584299,3.6505706],[-77.1470909,3.6465995],[-77.1488,3.64529],[-77.1466201,3.6429701],[-77.14712,3.6400099],[-77.15123,3.64039],[-77.1556,3.64348],[-77.1656,3.64447],[-77.1783532,3.6514884],[-77.1792484,3.6502475],[-77.1789577,3.6521262],[-77.18281,3.6552499],[-77.187617,3.6553058],[-77.1902703,3.649691],[-77.1873795,3.6395928],[-77.1904599,3.63849],[-77.1921099,3.63436],[-77.1948899,3.61168],[-77.2005273,3.6028688],[-77.2043373,3.6055766],[-77.204414,3.6075368],[-77.2074423,3.606704],[-77.2107156,3.5985166],[-77.2117698,3.6010289],[-77.2173888,3.5966325],[-77.218827,3.5946201],[-77.2179269,3.5922999],[-77.233397,3.5770601],[-77.2356175,3.5756622],[-77.2401754,3.5782101],[-77.2473659,3.5785525],[-77.24751,3.58012],[-77.24265,3.58193],[-77.24187,3.5811601],[-77.2423799,3.5821899],[-77.2405799,3.5806499],[-77.2413599,3.5829699],[-77.23999,3.58366],[-77.2362301,3.58145],[-77.2361,3.58401],[-77.2380299,3.5854199],[-77.2475361,3.5805627],[-77.25955,3.5782901],[-77.2703,3.57311],[-77.27211,3.574],[-77.2943999,3.5697],[-77.29978,3.56788],[-77.30235,3.5652999],[-77.32969,3.53018],[-77.3305973,3.5271023],[-77.3278395,3.5236112],[-77.3339685,3.5131352],[-77.3370548,3.5119963],[-77.3423014,3.5047453],[-77.3539601,3.49432],[-77.36239,3.4842499],[-77.36982,3.4801101],[-77.3704499,3.4759901],[-77.3663199,3.46672],[-77.36414,3.46505],[-77.3645419,3.4504872],[-77.3724653,3.438496],[-77.3793663,3.4201261],[-77.3788551,3.4166818],[-77.3834558,3.4143855],[-77.3918904,3.3983115],[-77.4005806,3.3881057],[-77.4063315,3.3838957],[-77.4075885,3.3787937],[-77.4044254,3.3731238],[-77.4062494,3.372709],[-77.4145151,3.3601244],[-77.4135454,3.357566],[-77.4161544,3.3557221],[-77.4182785,3.3589259],[-77.4274095,3.356283],[-77.4311887,3.3529013],[-77.4348756,3.3535076],[-77.4465455,3.3429529],[-77.4390722,3.3522787],[-77.4326422,3.3564692],[-77.4292873,3.3628881],[-77.4344732,3.360232],[-77.4617299,3.3321401],[-77.4746571,3.3248124],[-77.4796607,3.3201988],[-77.4829499,3.3098001],[-77.48064,3.30942],[-77.4811324,3.3042945],[-77.4857501,3.3057513],[-77.4878373,3.3050137],[-77.4891857,3.3080194],[-77.4926658,3.3062797],[-77.5282513,3.2602981],[-77.5424554,3.239457],[-77.5438799,3.22979],[-77.5400611,3.2246223],[-77.5401138,3.217747],[-77.4983381,3.2215044],[-77.4962299,3.2211124],[-77.4804791,3.208363],[-77.475914,3.2091067],[-77.4667899,3.2160455],[-77.4667864,3.2204168],[-77.4689457,3.222418],[-77.4691038,3.2247015],[-77.4616795,3.2252586],[-77.4625807,3.2288149],[-77.470048,3.2320284],[-77.4709492,3.2360132],[-77.4684601,3.2378128],[-77.4627094,3.2376414],[-77.4544753,3.233085],[-77.4543409,3.2373843],[-77.4514227,3.2429972],[-77.4474745,3.2436399],[-77.4442129,3.2469819],[-77.4382048,3.2471962],[-77.435544,3.2506667],[-77.4285488,3.2531947],[-77.4150305,3.2416261],[-77.4160604,3.2353276],[-77.4130993,3.2298004],[-77.4068766,3.2250872],[-77.4064903,3.2181887],[-77.4032288,3.21249],[-77.3931938,3.2137239],[-77.3908241,3.2127859],[-77.3804836,3.2019493],[-77.3801832,3.1976645],[-77.3840027,3.1935939],[-77.3812132,3.1820246],[-77.383316,3.1778254],[-77.3788099,3.1736262],[-77.3710423,3.1707981],[-77.3643502,3.1642564],[-77.3668365,3.1503586],[-77.3634462,3.1446595],[-77.3548632,3.1447452],[-77.3466234,3.1396888],[-77.3450785,3.1404173],[-77.3412161,3.1482161],[-77.3333197,3.1515584],[-77.3313456,3.1541295],[-77.3304601,3.1637391],[-77.3253374,3.1611569],[-77.3214321,3.1624852],[-77.3204021,3.1647563],[-77.3210888,3.1714408],[-77.3199301,3.1735833],[-77.3164539,3.1740975],[-77.3061543,3.1687842],[-77.3013477,3.1631708],[-77.2904902,3.1566576],[-77.2853832,3.1561863],[-77.2820787,3.1591001],[-77.2794609,3.1590572],[-77.2773581,3.1515156],[-77.2778268,3.1480057],[-77.2867136,3.1475733],[-77.2897158,3.142833],[-77.2877436,3.1378462],[-77.2843103,3.1369892],[-77.2780798,3.1385211],[-77.2787313,3.1321899],[-77.2765068,3.130388],[-77.2743111,3.1327041],[-77.2732382,3.1380176],[-77.2704058,3.1403744],[-77.2675734,3.1329612],[-77.2632389,3.1346324],[-77.2605352,3.1335182],[-77.2583466,3.1279904],[-77.2536562,3.122377],[-77.2529514,3.1150137],[-77.2514522,3.1146541],[-77.2485619,3.1171061],[-77.2477894,3.1245195],[-77.2450202,3.1262166],[-77.2430333,3.122865],[-77.2449141,3.1160777],[-77.2335271,3.1074739],[-77.2320609,3.1102796],[-77.235301,3.112521],[-77.2346573,3.1151349],[-77.2302799,3.1157349],[-77.2281771,3.1113639],[-77.2165795,3.120023],[-77.217516,3.1233114],[-77.2201948,3.1234053],[-77.2187786,3.1275191],[-77.2157316,3.1305615],[-77.2172766,3.1351894],[-77.2119551,3.1341182],[-77.2090917,3.1352773],[-77.2062902,3.1329183],[-77.2014408,3.1339468],[-77.2001534,3.1367321],[-77.2004219,3.1439324],[-77.1978788,3.140203],[-77.1928577,3.1395174],[-77.193097,3.1446502],[-77.1905639,3.1497297],[-77.1866433,3.1486695],[-77.1823296,3.1506891],[-77.1806272,3.1548999],[-77.1726375,3.1593672],[-77.1721702,3.1657003],[-77.1700268,3.1655276],[-77.1668982,3.1620847],[-77.1654778,3.1623138],[-77.1636324,3.1658704],[-77.1590602,3.1649275],[-77.1581963,3.1696965],[-77.1612365,3.1715461],[-77.1595253,3.173943],[-77.1556378,3.1738352],[-77.1546125,3.1758765],[-77.153301,3.170824],[-77.1468869,3.1703561],[-77.1456121,3.1685744],[-77.1428458,3.1721105],[-77.1398591,3.1720684],[-77.1355658,3.1689984],[-77.1341496,3.1637279],[-77.1305906,3.1610684],[-77.1170976,3.1690837],[-77.110276,3.1770986],[-77.1103942,3.179108],[-77.1047147,3.1809415],[-77.103451,3.1833925],[-77.1001574,3.1852773],[-77.0967242,3.1852773],[-77.0950076,3.1833919],[-77.0893427,3.1821922],[-77.0864245,3.1856201],[-77.0848795,3.1839061],[-77.0872828,3.1815066],[-77.0869395,3.1796212],[-77.0829913,3.1809924],[-77.0812747,3.179107],[-77.0788714,3.1794498],[-77.0695257,3.1717716],[-77.0635278,3.1689866],[-77.0592895,3.1685729],[-77.0549852,3.1705965],[-77.0381309,3.1648128],[-77.0301927,3.1663824],[-77.0188154,3.1565446],[-77.013076,3.1541482],[-76.9999382,3.1530377],[-76.9961172,3.1542965],[-76.991242,3.1485988],[-76.9882871,3.1390385],[-76.9782421,3.1345016],[-76.9786116,3.1274822],[-76.9723281,3.1189003],[-76.9616928,3.1186416],[-76.951524,3.1155416],[-76.9389742,3.1143318],[-76.9307057,3.1217799],[-76.9266889,3.1274131],[-76.9277477,3.1385907],[-76.9266685,3.1417721],[-76.9158174,3.149569],[-76.9122004,3.1721853],[-76.9139482,3.1782392],[-76.9129937,3.1867288],[-76.9083175,3.2005148],[-76.8970759,3.2038446],[-76.8909394,3.2032854],[-76.8813713,3.2090304],[-76.8760485,3.2104075],[-76.8700734,3.2093445],[-76.86486,3.2123135],[-76.8594513,3.2124722],[-76.8500215,3.2078704],[-76.8394496,3.2109601],[-76.8255384,3.2112431],[-76.8119435,3.2086379],[-76.8077897,3.2095333],[-76.7964853,3.2164606],[-76.7892134,3.224563],[-76.7851819,3.223199],[-76.7831231,3.2307499],[-76.7776487,3.2306838],[-76.7734477,3.2338116],[-76.7690882,3.2312848],[-76.7646265,3.221525],[-76.7565116,3.2127036],[-76.7547737,3.2093322],[-76.7540662,3.2009966],[-76.7478627,3.1953958],[-76.7453995,3.1910955],[-76.7415106,3.1717094],[-76.7481673,3.156607],[-76.7487308,3.1499401],[-76.7435617,3.1355709],[-76.7332503,3.1250307],[-76.7251753,3.1194889],[-76.7011887,3.1193964],[-76.6951748,3.1130022],[-76.6861302,3.1094931],[-76.6817549,3.102401],[-76.6767916,3.1003456],[-76.6691082,3.1007145],[-76.6664961,3.0991654],[-76.6553343,3.1010685],[-76.6477102,3.1052656],[-76.6433297,3.1118648],[-76.6421224,3.1171923],[-76.6320759,3.1264481],[-76.6294845,3.1271388],[-76.6256846,3.1238478],[-76.6231171,3.1174984],[-76.6225515,3.114361],[-76.6246303,3.1094667],[-76.6238491,3.1048015],[-76.6159322,3.0970436],[-76.6137935,3.0924683],[-76.6074106,3.0910888],[-76.6042413,3.0970272],[-76.5995649,3.0916716],[-76.5925835,3.0943641],[-76.5918374,3.0971452],[-76.598804,3.1019254],[-76.5997422,3.1045073],[-76.5959449,3.1062261],[-76.5913055,3.1020066],[-76.5877816,3.1064695],[-76.5920886,3.1144955],[-76.5899905,3.1170257],[-76.5851663,3.116229],[-76.5798915,3.1195117],[-76.5784805,3.1190912],[-76.5769624,3.1147651],[-76.5739535,3.1145148],[-76.5739117,3.1166847],[-76.5791565,3.1237995],[-76.5782789,3.1265327],[-76.574058,3.1284731],[-76.572261,3.1289321],[-76.5694192,3.1251556],[-76.5705205,3.1186322],[-76.5646695,3.1173192],[-76.5644479,3.1146193],[-76.566546,3.111285],[-76.5638421,3.1075966],[-76.5600292,3.1050763],[-76.5554792,3.1093818],[-76.5516411,3.1050871],[-76.5474994,3.1099704],[-76.5461542,3.1084022],[-76.5474199,3.1042997],[-76.5462072,3.1029299],[-76.5440866,3.1036777],[-76.5436824,3.1078927],[-76.5415685,3.1112343],[-76.5395208,3.111843],[-76.5364394,3.1090308],[-76.5343188,3.1104998],[-76.5341134,3.1134906],[-76.5366846,3.1194128],[-76.5346833,3.1213251],[-76.531085,3.1216692],[-76.5300314,3.1261951],[-76.5281427,3.1249644],[-76.5286729,3.1167925],[-76.5269632,3.1149331],[-76.522563,3.1172689],[-76.519634,3.1207362],[-76.5157375,3.1184732],[-76.5133983,3.1207626],[-76.5130139,3.1231844],[-76.5171755,3.1250636],[-76.5225299,3.1228933],[-76.5239807,3.1267221],[-76.5222354,3.1310081],[-76.5279426,3.1348518],[-76.5302024,3.1348901],[-76.5304323,3.1319834],[-76.5326921,3.1306065],[-76.5328262,3.1363243],[-76.5299343,3.1375672],[-76.5224652,3.1364008],[-76.5187842,3.1331977],[-76.5169839,3.1341251],[-76.51662,3.1373951],[-76.5203354,3.1409329],[-76.521293,3.1445279],[-76.5184777,3.1453311],[-76.5145708,3.1442602],[-76.5127706,3.1459239],[-76.517501,3.1476449],[-76.5214845,3.1469948],[-76.5226528,3.1481039],[-76.5211207,3.1494425],[-76.5146091,3.1480083],[-76.5083274,3.1504942],[-76.5053972,3.1492512],[-76.5042098,3.1438778],[-76.5004561,3.143763],[-76.5009194,3.1521766],[-76.5062829,3.152908],[-76.508779,3.1566992],[-76.5085505,3.1590687],[-76.5056501,3.1602973],[-76.5007633,3.1589283],[-76.5030837,3.1659664],[-76.5020465,3.1677216],[-76.4934507,3.1663175],[-76.4935035,3.1692135],[-76.4988649,3.1714425],[-76.494523,3.1763042],[-76.4909019,3.1747948],[-76.4890737,3.1681253],[-76.487017,3.1690906],[-76.4879135,3.1759357],[-76.4929019,3.1798341],[-76.4935845,3.1820041],[-76.4902077,3.1868103],[-76.4899024,3.18959],[-76.4919141,3.1936609],[-76.4912495,3.1992382],[-76.4943209,3.1994534],[-76.4977874,3.1974269],[-76.4996374,3.2002245],[-76.4969432,3.2048334],[-76.4920937,3.2061784],[-76.4924529,3.2108051],[-76.4901359,3.2177452],[-76.4878368,3.2170279],[-76.4863101,3.2121322],[-76.4843523,3.212455],[-76.4795242,3.2188256],[-76.4805364,3.2230624],[-76.4772921,3.2241897],[-76.4754753,3.222596],[-76.4760592,3.2164674],[-76.4739569,3.2146405],[-76.4716989,3.2263405],[-76.467637,3.2313677],[-76.4728409,3.2286079],[-76.4773699,3.2293983],[-76.4764486,3.235177],[-76.4706699,3.2379835],[-76.4720091,3.2404327],[-76.4767297,3.2433187],[-76.4764513,3.245715],[-76.4710942,3.2447882],[-76.4680576,3.2390823],[-76.4626873,3.2418889],[-76.4635227,3.2441793],[-76.4664266,3.24594],[-76.4722743,3.2473036],[-76.4724467,3.2505339],[-76.4704047,3.2513282],[-76.4617856,3.2449471],[-76.4603005,3.2465887],[-76.462316,3.2484421],[-76.4631514,3.2533537],[-76.4594651,3.2581064],[-76.4645437,3.2624222],[-76.4624619,3.2685913],[-76.4660712,3.2704152],[-76.4735638,3.2711728],[-76.4742548,3.2754743],[-76.4715179,3.278085],[-76.4723444,3.280114],[-76.4816932,3.2804522],[-76.4845385,3.2768811],[-76.4868554,3.2804116],[-76.4873432,3.2837933],[-76.4858392,3.2868909],[-76.4823707,3.2876484],[-76.475037,3.284645],[-76.4730573,3.2851426],[-76.4716036,3.2886394],[-76.4734034,3.2902288],[-76.4914561,3.2888329],[-76.4941973,3.2909061],[-76.4942527,3.2925785],[-76.4904594,3.2971257],[-76.4899677,3.3043175],[-76.4885675,3.3054787],[-76.484678,3.3027226],[-76.4830389,3.2940988],[-76.4794117,3.2924126],[-76.4766429,3.2935598],[-76.4773213,3.3006363],[-76.4735972,3.3055151],[-76.4759722,3.3142733],[-76.4782638,3.3173519],[-76.4781082,3.3206141],[-76.4734825,3.3200069],[-76.4724499,3.3131577],[-76.4691539,3.3105733],[-76.4679798,3.3123386],[-76.4678384,3.3205435],[-76.4665794,3.3207271],[-76.4635522,3.316547],[-76.4612606,3.3174084],[-76.4618547,3.322224],[-76.4588983,3.3255427],[-76.4607293,3.3289846],[-76.4575229,3.3287344],[-76.4565901,3.3272705],[-76.457497,3.3258844],[-76.4537141,3.3237209],[-76.447704,3.3170774],[-76.433433,3.3127384],[-76.4199416,3.3118345],[-76.4165837,3.3103279],[-76.4143651,3.3047836],[-76.4076494,3.3012882],[-76.4063302,3.298275],[-76.3733914,3.2880593],[-76.3658249,3.2873814],[-76.3569209,3.2888654],[-76.3422774,3.2817779],[-76.328034,3.2822588],[-76.3229156,3.2806407],[-76.3109689,3.2824549],[-76.3040584,3.2858477],[-76.2932294,3.2862228],[-76.282317,3.2829806],[-76.2751457,3.2784388],[-76.2710362,3.2774839],[-76.2610973,3.2788111],[-76.2296137,3.2758945],[-76.217193,3.2679697],[-76.2065104,3.2573398],[-76.2023651,3.2422145],[-76.1942064,3.2303984],[-76.1912113,3.2280605],[-76.1857037,3.2288654],[-76.1810444,3.2320865],[-76.1696888,3.2308721],[-76.1653602,3.2337755],[-76.156762,3.2350025],[-76.153202,3.233802],[-76.1506338,3.2266931],[-76.1453053,3.2237952],[-76.1376925,3.2243986],[-76.1331023,3.2221977],[-76.1279865,3.2243821],[-76.1192662,3.2223558],[-76.1085133,3.2257977],[-76.0834632,3.2177598],[-76.0680252,3.2112461],[-76.0622035,3.2134338],[-76.0594351,3.2175257],[-76.0589943,3.2219123],[-76.0565208,3.2238778],[-76.0585917,3.2292599],[-76.0581099,3.2321269],[-76.0470088,3.2454569],[-76.0398985,3.2492325],[-76.0394292,3.2507989],[-76.0405149,3.256284],[-76.0472094,3.2649086],[-76.0476858,3.271882],[-76.0503463,3.2804246],[-76.0470706,3.2874241],[-76.0439096,3.2902725],[-76.0391011,3.3016091],[-76.0444189,3.3186914],[-76.0536938,3.3266964],[-76.0545525,3.344382],[-76.0581074,3.3488185],[-76.0594343,3.3538091],[-76.0565695,3.3581814],[-76.0488209,3.3649226],[-76.0475932,3.3741755],[-76.0339925,3.381014],[-76.0305577,3.3853974],[-76.0305513,3.3913514],[-76.039124,3.393711],[-76.0428802,3.397326],[-76.0426393,3.4083162],[-76.038363,3.4200231],[-76.0416277,3.4288154],[-76.0418435,3.4371377],[-76.0380792,3.442678],[-76.0370217,3.4503778],[-76.029703,3.4546196],[-76.0267334,3.4610403],[-76.0268847,3.465271],[-76.022247,3.47816],[-76.0261226,3.4854051],[-76.0251609,3.4927536],[-76.0176984,3.5012946],[-76.0146453,3.508525],[-76.0032279,3.5171315],[-76.0013069,3.5294869],[-75.9985795,3.5323021],[-75.9943603,3.5455495],[-75.9870203,3.5549417],[-75.985143,3.56011],[-75.9892019,3.575357],[-75.9859918,3.5808713],[-75.9852035,3.5880777],[-75.990807,3.5968586],[-75.9939137,3.6072033],[-75.9926609,3.6115889],[-75.988173,3.615665],[-75.9875749,3.6222292],[-75.9926364,3.6321925],[-75.9937217,3.637521],[-75.9907537,3.6415911],[-75.9815515,3.64252],[-75.9778063,3.6443956],[-75.9747757,3.6571028],[-75.9681148,3.662778],[-75.9584433,3.664646],[-75.9517258,3.6738817],[-75.9566977,3.6887725],[-75.9599664,3.6939471],[-75.9605755,3.7056988],[-75.955107,3.7135259],[-75.9491792,3.7144584],[-75.9469933,3.7163357],[-75.945275,3.718527],[-75.9437808,3.7283175],[-75.9380025,3.7342638],[-75.9208377,3.7408217],[-75.9162555,3.7500153],[-75.9153549,3.7590673],[-75.9103457,3.7726915],[-75.9062792,3.7811466],[-75.901749,3.7863107],[-75.9015793,3.7964945],[-75.8927253,3.8035896],[-75.8914487,3.8061112],[-75.8925917,3.8105046],[-75.8746655,3.8218178],[-75.8669785,3.8322479],[-75.8632197,3.8450102],[-75.8557219,3.8525197],[-75.8566515,3.856908],[-75.8608548,3.8627109],[-75.8613056,3.8747825],[-75.8589866,3.8802312],[-75.8419986,3.8972105],[-75.8397515,3.9032028],[-75.8359886,3.9070914],[-75.8334925,3.9072443],[-75.828194,3.9037897],[-75.8216406,3.9050332],[-75.8102018,3.9244303],[-75.8071118,3.9318115],[-75.8090503,3.9387297],[-75.8052683,3.9521662],[-75.8012038,3.9578001],[-75.7963628,3.9610827],[-75.7922943,3.9692231],[-75.7915004,3.978152],[-75.7960048,3.9908493],[-75.7918142,4.0079152],[-75.7871217,4.0092041],[-75.7780397,4.0065662],[-75.7755411,4.0081289],[-75.7696504,4.0196456],[-75.761239,4.0253393],[-75.7540502,4.032662],[-75.7385717,4.0535804],[-75.739681,4.0578532],[-75.7464402,4.0625871],[-75.751606,4.068697],[-75.7532076,4.0770158]]]}},{"type":"Feature","properties":{"parentIso":"DEU","name":"Cologne"},"geometry":{"type":"MultiPolygon","coordinates":[[[[6.205108756000072,50.52196938800006],[6.203667198000062,50.524753616000055],[6.198005219000038,50.52653684300003],[6.195291313000041,50.53098147400004],[6.192143637000072,50.530895731000044],[6.187262266000062,50.52708987500006],[6.192200701000047,50.52105561800005],[6.20532859900004,50.520974264000074],[6.205108756000072,50.52196938800006]]],[[[6.237931246000073,50.57785408800004],[6.239548235000029,50.58745439200004],[6.225180521000027,50.59045702900005],[6.219074137000064,50.58137998500007],[6.206251911000038,50.57626123500006],[6.203098906000037,50.56929446200007],[6.19191556100003,50.565488317000074],[6.189312571000073,50.56609406000007],[6.189090762000035,50.56450847900004],[6.174412224000037,50.557514351000066],[6.178442395000047,50.55401516000006],[6.178032319000067,50.541606701000035],[6.18864650200004,50.540309781000076],[6.196654860000024,50.53616598100007],[6.197493631000043,50.540836924000075],[6.20058752500006,50.544484511000064],[6.205757516000062,50.546503167000026],[6.209621225000035,50.55508817700007],[6.214462246000039,50.557124076000036],[6.221352887000023,50.55576362700003],[6.224700419000044,50.55666606300008],[6.225901502000056,50.56200966400007],[6.234184141000071,50.56650357600006],[6.237931246000073,50.57785408800004]]],[[[6.251808800000049,50.62695032000005],[6.260837456000047,50.62856049800007],[6.267473933000076,50.62652823900004],[6.270916792000037,50.62901773700003],[6.264500622000071,50.64053646500008],[6.260807430000057,50.641562700000065],[6.245495491000042,50.639769630000046],[6.231521954000073,50.648035529000026],[6.227951467000025,50.64711764900005],[6.224864335000063,50.640921294000066],[6.214650622000022,50.63921017300004],[6.188229186000058,50.63925783900004],[6.183932736000031,50.64134667400003],[6.182378585000038,50.64695001200005],[6.178530493000039,50.64435731800006],[6.166590343000053,50.643687285000055],[6.183289225000067,50.632286427000054],[6.18015235200005,50.62850978600005],[6.17556221600006,50.627274413000066],[6.181838384000059,50.62375983800007],[6.188770272000056,50.62740780900003],[6.187248132000036,50.63008193200005],[6.194321001000048,50.63390603100004],[6.199583735000033,50.631449350000025],[6.202852066000048,50.63243188700005],[6.215121972000077,50.63119798200006],[6.216922170000032,50.63221755400008],[6.235461083000075,50.62592613800007],[6.251808800000049,50.62695032000005]]],[[[6.17481176900003,51.18451334200006],[6.138811263000036,51.173333125000056],[6.175415267000062,51.15847977400006],[6.162734777000026,51.15279110300003],[6.163406556000041,51.14884137000007],[6.14759956100005,51.14863937100006],[6.135403999000062,51.14539817000008],[6.125950833000047,51.14512252800006],[6.121219773000064,51.14088333400008],[6.115928255000028,51.139070410000045],[6.091868348000048,51.134973968000054],[6.086936192000053,51.12930727200006],[6.08864419400004,51.12788765600004],[6.084409602000051,51.12599697300004],[6.087061266000035,51.124628072000064],[6.083504628000071,51.12392567900008],[6.080843533000063,51.12614141600005],[6.080446453000036,51.12220549600005],[6.075859358000059,51.12104920400003],[6.07575450500002,51.119160203000035],[6.060305530000051,51.115931861000035],[6.055339350000054,51.110732908000045],[6.056491332000064,51.10962303300005],[6.037468680000075,51.097034861000054],[6.020617772000037,51.092889772000035],[6.017655156000046,51.09454081500007],[6.013473766000061,51.09118416200005],[6.009891655000047,51.091022441000064],[5.995551740000053,51.082718112000066],[5.988523587000032,51.074689324000076],[5.98028787100003,51.07232902100003],[5.981383872000038,51.06924710000004],[5.969847317000074,51.06060592500006],[5.971026627000072,51.05780281800003],[5.968620298000076,51.05564495900006],[5.970247720000032,51.053923378000036],[5.967903396000054,51.04485381100005],[5.957896923000021,51.04098204500008],[5.959465591000026,51.03828923100008],[5.957887701000061,51.034709984000074],[5.953838457000074,51.03649013300003],[5.946407339000075,51.036979795000036],[5.938114703000053,51.03514072300004],[5.934681315000034,51.04111357700003],[5.926394687000027,51.04799131200008],[5.918959007000069,51.063781756000026],[5.913170487000059,51.06673113700003],[5.892345099000067,51.05322815300008],[5.866755375000025,51.051431380000054],[5.867096631000038,51.04667907900006],[5.878025523000076,51.03754494000003],[5.874594376000061,51.02932022400006],[5.879150797000023,51.017553382000074],[5.884325214000057,51.01335948000008],[5.888346848000026,51.01359528300003],[5.895849689000045,51.01100745300005],[5.895738802000039,51.004358969000066],[5.905518057000052,51.002159678000055],[5.903812808000055,50.987495489000025],[5.892668412000035,50.98034745500007],[5.897198106000076,50.974845396000035],[5.904653008000025,50.97453193200005],[5.918597685000066,50.977741526000045],[5.93364109700002,50.985262412000054],[5.955159322000043,50.98840600700004],[5.957233071000076,50.98498703900003],[5.968203751000033,50.97946997200006],[5.980845819000024,50.983110073000034],[5.984608195000021,50.98211132800003],[6.026435005000053,50.98327404500003],[6.015569404000075,50.96272256900005],[6.005263992000039,50.95683637800005],[6.016799121000076,50.95251183600004],[6.015086912000072,50.94778545400004],[6.018160184000067,50.93443677100004],[6.041636863000065,50.93031892300007],[6.045643256000062,50.928031023000074],[6.050868140000034,50.92999515100007],[6.056004643000051,50.927144852000026],[6.05388849600007,50.92228815800007],[6.056661757000029,50.92177228400004],[6.068126587000052,50.92065893800003],[6.071736840000028,50.923148508000054],[6.083074853000028,50.921301106000044],[6.088998090000075,50.91869582700008],[6.093924752000021,50.92132546500005],[6.09249488200004,50.917844255000034],[6.080980443000044,50.90866742000003],[6.075313039000036,50.89340045000006],[6.079111176000026,50.88281305700008],[6.086186609000038,50.87966564300007],[6.087323446000028,50.878015591000064],[6.085019774000045,50.87647321400004],[6.088189822000061,50.87243381500008],[6.083501945000023,50.86480114700004],[6.080996793000054,50.86451206500004],[6.080999964000057,50.86249694300005],[6.077294365000057,50.86073386400005],[6.073980156000061,50.84678026000006],[6.056764057000066,50.85106650600005],[6.057241308000073,50.85563098200004],[6.054839995000066,50.857353501000034],[6.042066628000043,50.85126190400007],[6.018875020000053,50.84627442800007],[6.015947384000071,50.83879110100003],[6.01839089300006,50.83732791700004],[6.016527832000065,50.83380181800004],[6.018802066000035,50.829256387000044],[6.024990814000034,50.82765648900005],[6.022780643000033,50.82651650300005],[6.026273390000028,50.81994474000004],[6.02214686800005,50.81683776800003],[6.025050641000064,50.81416449900007],[6.003484268000022,50.80131373300003],[5.989397970000027,50.808946235000064],[5.98402696900007,50.81008548700004],[5.975804770000025,50.80240592400003],[5.97486142300005,50.797972953000055],[5.980145169000025,50.795161233000044],[5.988652983000065,50.79380045500005],[6.001943145000041,50.78414456400003],[6.027798682000025,50.77373360100006],[6.018323664000036,50.76317216400008],[6.021394331000067,50.753113846000076],[6.040480906000028,50.74551257600007],[6.039791287000071,50.73756096400007],[6.033151439000051,50.730984971000055],[6.033935557000063,50.72535083500003],[6.037739832000057,50.72488167100005],[6.036454444000071,50.72006358500005],[6.039029649000042,50.71837811200004],[6.04152803900007,50.718681755000034],[6.044563166000046,50.72836022300004],[6.049629831000061,50.72606290500005],[6.073189035000041,50.72095226700003],[6.087833495000041,50.721420988000034],[6.091596125000024,50.72285396700005],[6.094835725000053,50.720229964000055],[6.100254076000056,50.723339397000075],[6.11082235300006,50.72345875800005],[6.115293948000044,50.722114023000074],[6.119248454000058,50.71968435200006],[6.124765554000021,50.71106146200003],[6.123242555000047,50.707099295000035],[6.132980813000074,50.69897838700007],[6.13331749300005,50.69624160700005],[6.139297252000063,50.69355165600007],[6.143717006000031,50.68887370600004],[6.143642577000037,50.68166224500004],[6.162432263000028,50.67137654800007],[6.161479597000039,50.669667349000065],[6.16528106100003,50.66278981600004],[6.188022601000057,50.665145316000064],[6.193551907000028,50.66456795000005],[6.195538593000038,50.66293110500004],[6.197130958000059,50.65673728300004],[6.183974264000028,50.64711157100004],[6.187662378000027,50.641110111000046],[6.219733164000047,50.64120962700008],[6.224321674000066,50.64332723100006],[6.226456652000024,50.648770822000074],[6.231505208000044,50.64998255300003],[6.246411465000051,50.64151180500005],[6.262099932000069,50.64389940800004],[6.266895404000024,50.64152787300003],[6.273982673000035,50.628205594000065],[6.269399649000036,50.62546019700005],[6.269076978000044,50.619166654000026],[6.259966160000033,50.60981983000005],[6.247746049000057,50.60370896300003],[6.249604569000041,50.59822700700005],[6.241159201000073,50.58710038000004],[6.240696716000059,50.57792163500005],[6.236760624000055,50.56625280700007],[6.22855081900002,50.56155415600006],[6.225794546000031,50.554461676000074],[6.221943443000043,50.553929708000055],[6.216686560000028,50.55541075800005],[6.211950553000065,50.553767985000036],[6.208158582000067,50.54593406400005],[6.202779127000042,50.54363830900007],[6.200428836000071,50.54058726200003],[6.19699543400003,50.531031951000045],[6.207160032000047,50.524272832000065],[6.207151535000037,50.51891755200006],[6.212582607000058,50.51556665500004],[6.209111696000036,50.51470170700003],[6.210209988000031,50.51313352500006],[6.21319489900003,50.51302412000007],[6.216787604000046,50.50650627700003],[6.222558522000043,50.50150233100004],[6.220042725000042,50.498723029000075],[6.226631720000057,50.494368663000046],[6.230711540000073,50.49747875300005],[6.241369331000044,50.498990984000045],[6.251731913000071,50.50348381200007],[6.25460563200005,50.49941675700006],[6.261816599000042,50.49884777600005],[6.269941266000046,50.50451177100007],[6.274785031000022,50.50230378600003],[6.281514664000042,50.50320839900007],[6.285005317000071,50.49896520400006],[6.297503913000071,50.49761233500004],[6.309075385000028,50.50141183300008],[6.322870454000054,50.49391928000006],[6.332285131000049,50.49226877000007],[6.334818830000074,50.48903501400008],[6.351259021000033,50.488267792000045],[6.341621681000049,50.483531276000065],[6.341124544000024,50.477673554000035],[6.337486434000027,50.47474832700004],[6.338188093000042,50.47241255600005],[6.341219246000037,50.471990418000075],[6.343836482000029,50.46875053500003],[6.340231706000054,50.46259128000003],[6.350137209000025,50.45691095800004],[6.356650847000026,50.45652389000003],[6.362852777000057,50.453908341000044],[6.371823937000045,50.45558235500005],[6.37487303100005,50.451248931000066],[6.377623397000036,50.43938897400005],[6.376027613000076,50.431698839000035],[6.366705781000064,50.41916221100007],[6.369877124000027,50.40893069500004],[6.365179481000041,50.40142621000007],[6.357584331000055,50.395781638000074],[6.356851875000075,50.39114117400004],[6.346575269000027,50.385245843000064],[6.342218728000034,50.38000552700004],[6.360603494000031,50.37145044500005],[6.369430298000054,50.361125396000034],[6.368075245000057,50.35811178300003],[6.373381,50.35816742500003],[6.376314706000073,50.35523589400003],[6.377062903000024,50.356019745000026],[6.380957059000025,50.353374924000036],[6.382759961000033,50.35417854900004],[6.384679939000023,50.35173222000003],[6.387054414000033,50.351782196000045],[6.398321002000046,50.345660947000056],[6.400528909000059,50.33810708400006],[6.407870067000033,50.33513396200004],[6.405028255000047,50.32330869300006],[6.415182105000042,50.32454474900004],[6.425294811000072,50.32301195400004],[6.422230027000069,50.330598749000046],[6.42406186200003,50.33382680500006],[6.414994991000071,50.33266054000006],[6.407908814000052,50.339379732000054],[6.403267068000048,50.34654845800003],[6.404667036000035,50.35058017700004],[6.397181221000039,50.357911933000025],[6.405977283000027,50.36382203200003],[6.395452201000069,50.36141870600005],[6.394251980000035,50.36338537300003],[6.397987314000034,50.366105177000065],[6.397299928000052,50.36768467500008],[6.394800815000053,50.36726193900006],[6.392491543000062,50.37063079600006],[6.389003441000057,50.371686510000075],[6.389342553000063,50.377150662000076],[6.391868918000057,50.37984539300004],[6.38500583900003,50.38418665900008],[6.413042934000032,50.38948596200004],[6.418243992000043,50.38278619300007],[6.422030762000077,50.38194789800008],[6.414850020000074,50.37454620700004],[6.420842848000063,50.37320022700004],[6.420877816000029,50.368903042000056],[6.423487222000063,50.36870733100005],[6.430023535000032,50.36318994000004],[6.433154166000065,50.36429209800008],[6.432352008000066,50.36688597300008],[6.436458735000031,50.36908592900005],[6.435386961000063,50.37031884400005],[6.448561199000039,50.37133836100003],[6.449474166000073,50.36378465300004],[6.458919343000048,50.36201172800003],[6.461162141000045,50.359026861000075],[6.457152474000054,50.35176696900004],[6.458667809000076,50.34397164900008],[6.449590633000071,50.33835314300006],[6.451615287000038,50.33642410300007],[6.46598205500004,50.342588919000036],[6.470259700000042,50.341802028000075],[6.47194851200004,50.33934723400006],[6.475221217000069,50.33845281200007],[6.484743817000037,50.33856107100007],[6.487948768000024,50.34060148000003],[6.486945586000047,50.34311649700004],[6.491782289000071,50.34699797400003],[6.504789402000029,50.352353263000055],[6.503494665000062,50.355489016000035],[6.507121786000027,50.35987731200004],[6.516404468000076,50.35538799100004],[6.514856995000059,50.35935307900007],[6.517867362000061,50.36106142300008],[6.516616695000039,50.362189440000066],[6.522902198000054,50.36398416900005],[6.530450524000059,50.369345354000075],[6.542182705000073,50.37105677400007],[6.544690468000056,50.370052884000074],[6.543177865000075,50.36624406900006],[6.559015792000025,50.36940999700005],[6.566520597000022,50.37248751800007],[6.569188709000059,50.37663353200003],[6.581850141000075,50.37754363800008],[6.585170620000042,50.38250437800008],[6.603085713000041,50.38822220600008],[6.606759412000031,50.380967428000076],[6.601196695000056,50.37838207400006],[6.604088071000035,50.37511937700003],[6.616273171000046,50.377018657000065],[6.621474818000024,50.37425712000004],[6.625353920000066,50.37488358200005],[6.627430004000075,50.37191721800008],[6.625475003000076,50.37170712900007],[6.625033082000073,50.362204672000075],[6.621806716000037,50.35999642300004],[6.623559011000054,50.35162698100004],[6.629840148000028,50.35123198700006],[6.628873405000036,50.35048422800003],[6.636206238000057,50.34537215200004],[6.640961312000059,50.34730704400005],[6.649958652000066,50.34816773500006],[6.654226468000047,50.351076790000036],[6.652266137000026,50.35231753700003],[6.657531020000022,50.35698974200005],[6.65601474500005,50.36743542900007],[6.667350811000063,50.371967760000075],[6.686767538000026,50.35837877000006],[6.688445431000048,50.35383957600004],[6.696356363000064,50.346389240000065],[6.69635069800006,50.34038192600008],[6.699244644000032,50.336097402000064],[6.706034431000035,50.342790567000065],[6.724111213000072,50.348098734000075],[6.732403727000076,50.35249742600007],[6.752074833000052,50.355501599000036],[6.753523026000039,50.35411639600005],[6.77088556700005,50.36121315300005],[6.776766458000054,50.35808862700003],[6.777686249000055,50.36443378700005],[6.783082585000045,50.36191485400008],[6.795203832000027,50.361973170000056],[6.795592455000076,50.35954428400004],[6.800711449000062,50.36178133700008],[6.802745410000057,50.36930462200007],[6.796195387000068,50.36994202400007],[6.78468736800005,50.37475056400007],[6.773867093000035,50.38950835000003],[6.769311744000049,50.39274798000008],[6.770480986000052,50.39772292500004],[6.779307456000026,50.40497300100003],[6.779232953000076,50.41360654700003],[6.785122975000036,50.420633303000045],[6.778666294000061,50.42414303800007],[6.770693111000071,50.425045467000075],[6.769242187000032,50.43247599400007],[6.771200603000068,50.43605306100005],[6.760315480000031,50.43139329100006],[6.757818606000058,50.43405088000003],[6.749967922000053,50.43397538000005],[6.745523503000072,50.435929558000055],[6.743698939000069,50.44092421000005],[6.764625179000063,50.450785945000064],[6.762935909000021,50.45569515700004],[6.766624285000034,50.45864375700006],[6.762736454000049,50.46262576000004],[6.759331459000066,50.46178539700003],[6.757072980000032,50.46303066100006],[6.758145396000032,50.470931730000075],[6.75384839000003,50.47142126800003],[6.751478620000057,50.47022854900007],[6.750742438000032,50.46665021000007],[6.74773311000007,50.466155737000065],[6.743243953000047,50.46774810200003],[6.744603261000066,50.47263046000006],[6.751362400000062,50.475139117000026],[6.759128635000025,50.47458991800005],[6.768281664000028,50.48428354200007],[6.77538507600002,50.48249548900003],[6.779861857000071,50.48657719300007],[6.800937205000025,50.49131916700003],[6.806193596000071,50.48823565400005],[6.807492506000074,50.479097213000045],[6.812069506000057,50.47224399800007],[6.825604261000024,50.46723547400006],[6.840540213000054,50.46394563400003],[6.843584804000045,50.46037585200003],[6.850171428000067,50.45716162800005],[6.852808168000024,50.457551514000045],[6.85504571000007,50.45418110800006],[6.858573833000037,50.45326582300004],[6.863113175000024,50.45695875500007],[6.866737951000061,50.456253469000046],[6.876703865000025,50.46479242600003],[6.901481603000036,50.46909197900004],[6.899882253000044,50.47098777800005],[6.903208769000059,50.475280637000026],[6.899213774000032,50.478038438000056],[6.905593791000058,50.48504808600006],[6.900360242000033,50.48976714300005],[6.901749058000064,50.49190949000007],[6.897866544000067,50.49226556900004],[6.907069078000063,50.50264234600007],[6.899536189000059,50.503803453000046],[6.897529389000056,50.50638918100003],[6.888554082000041,50.507009020000055],[6.897818523000069,50.517694739000035],[6.884490582000069,50.519943848000025],[6.884459849000052,50.524735390000046],[6.882098443000075,50.526949442000046],[6.886084678000032,50.52931760700005],[6.900754711000047,50.530785568000056],[6.898732278000068,50.52712805300007],[6.904450336000025,50.527198473000055],[6.909003669000072,50.52550272800005],[6.923829416000046,50.53158483800007],[6.923167268000043,50.53285247200006],[6.929349707000029,50.533143231000054],[6.931369914000072,50.53556593600007],[6.928966457000058,50.54261700200004],[6.925862031000065,50.54402518300003],[6.92204618300002,50.55428087300004],[6.930971323000051,50.560452256000076],[6.936695550000024,50.56049411600003],[6.944052925000051,50.563423612000065],[6.94731542300002,50.56366827000005],[6.948484604000043,50.56242512400007],[6.951382133000038,50.563379077000036],[6.95613962300007,50.56087697100003],[6.956515510000031,50.55703307500005],[6.96044082100002,50.55622355500003],[6.967729352000049,50.55738625400005],[6.972098291000066,50.55590736000005],[6.976104597000074,50.55777571700003],[6.977294072000063,50.56344629700004],[6.983576972000037,50.56573420800004],[6.991864308000061,50.564230002000045],[6.998096295000039,50.56504990600007],[7.015911208000034,50.576988424000035],[7.049194476000025,50.60434023000005],[7.051498131000073,50.60342724100008],[7.056131464000032,50.60624076100004],[7.05907140000005,50.603797318000034],[7.05925275900006,50.60037088300004],[7.066347430000064,50.60069920900003],[7.06902567700007,50.592744236000044],[7.071477845000061,50.59305862000008],[7.085476051000057,50.58817893200006],[7.084867237000026,50.58644052300008],[7.087431034000076,50.58601195000006],[7.095271316000037,50.58636961000008],[7.103796716000033,50.591322554000044],[7.105319920000056,50.59665458300003],[7.111898937000035,50.60194591100003],[7.110284415000024,50.60254703500004],[7.11264492600003,50.60571477500008],[7.111822069000027,50.60925746500004],[7.115121105000071,50.61178614600004],[7.119386719000033,50.61230741400004],[7.125846100000047,50.60636251100004],[7.135429965000071,50.60216905800007],[7.147851587000048,50.60029328200005],[7.149216780000074,50.60948396900005],[7.151607331000037,50.60998184600004],[7.154717367000046,50.61470533900007],[7.164716278000071,50.61239855400004],[7.17301984900007,50.61255228500005],[7.173981969000067,50.618909520000045],[7.180214671000044,50.622448363000046],[7.186866890000033,50.62227909300003],[7.18983890800007,50.62389544500007],[7.190635543000042,50.63604131000005],[7.193730685000048,50.63773311300008],[7.198485710000057,50.64820873700006],[7.203786635000029,50.64966041100007],[7.204622200000074,50.64865477700005],[7.210871864000069,50.649543625000035],[7.211464005000039,50.648160174000054],[7.212399645000062,50.62340492100003],[7.216466828000023,50.624890994000054],[7.217027616000053,50.628066852000075],[7.24019480000004,50.62822240600008],[7.24040702700006,50.62711317000003],[7.25153888400007,50.62671185000005],[7.251955077000048,50.62783877100003],[7.25657992400005,50.62468025800007],[7.261961193000047,50.625517509000076],[7.264698493000026,50.62751138900006],[7.270054733000052,50.62642740900003],[7.297323120000044,50.63181575600004],[7.305099529000074,50.63757881300006],[7.311185049000073,50.63805312000005],[7.313097427000059,50.637007141000026],[7.322175248000065,50.64171541500008],[7.333480804000033,50.638396070000056],[7.338049839000064,50.64224063000006],[7.358976516000041,50.64949362200008],[7.357665186000077,50.654923921000034],[7.355657061000045,50.65535540500008],[7.35582099800007,50.665231059000064],[7.364317150000034,50.672702436000066],[7.369315911000058,50.67254969100003],[7.36998705700006,50.67797130800005],[7.366175166000062,50.680704897000055],[7.372062799000048,50.68210706600007],[7.365116163000039,50.68761064300003],[7.36712338600006,50.690654935000055],[7.364635415000066,50.69223558700003],[7.368307872000059,50.69709009700006],[7.357136449000052,50.69790389600007],[7.362433950000025,50.701117475000046],[7.363069950000067,50.70505201600008],[7.367191351000031,50.70670770500004],[7.369989216000022,50.71198739100004],[7.368617665000045,50.71229341000003],[7.371746794000046,50.71284409900005],[7.373167163000062,50.714719649000074],[7.370877299000028,50.715234132000035],[7.374010755000029,50.71821864300006],[7.378922786000032,50.71582959700004],[7.387535494000076,50.71749341300006],[7.387610561000031,50.71573032400005],[7.397282413000028,50.71426992100004],[7.407050971000047,50.71818762400005],[7.423396633000038,50.70995096000007],[7.443150861000049,50.71119678800005],[7.444976230000066,50.716114925000056],[7.448619767000025,50.71744476300006],[7.448939175000021,50.715814212000055],[7.453890400000034,50.71580053000008],[7.456464854000046,50.71808355400003],[7.461333344000025,50.718624559000034],[7.479816338000035,50.71825391200008],[7.48490831600003,50.72242996500006],[7.492971993000026,50.72365727300007],[7.491564251000057,50.72590799900007],[7.498162058000048,50.726556523000056],[7.501940672000046,50.73001331900008],[7.520123911000042,50.72899688100006],[7.518308593000029,50.73125655500007],[7.519387883000036,50.73740659200007],[7.521918841000058,50.736095539000075],[7.521534043000031,50.73365542300007],[7.53459805600005,50.74033644800005],[7.551900377000038,50.74634314600007],[7.558370017000072,50.743004771000074],[7.563058300000023,50.74337588100008],[7.580246126000077,50.73813749200008],[7.592374858000028,50.74054539400004],[7.59529717700002,50.75096932800005],[7.591616718000068,50.756199769000034],[7.59308935100006,50.75837876500003],[7.598454945000071,50.76044024000004],[7.601042634000066,50.766312955000046],[7.604911614000059,50.765743342000064],[7.609201598000027,50.76822763500007],[7.614350983000065,50.76807683200008],[7.618168809000053,50.77017082900005],[7.640412942000069,50.769119043000046],[7.644573731000037,50.76954609500007],[7.645393592000062,50.77088137900006],[7.655450742000028,50.76786954500005],[7.654814123000051,50.76976163100005],[7.658681340000044,50.77014464500007],[7.662161360000027,50.77315629700007],[7.658936374000064,50.784827875000076],[7.668455510000058,50.78618629400006],[7.675944870000023,50.779327686000045],[7.682222419000027,50.795368531000065],[7.675047644000074,50.80266927300005],[7.674991345000024,50.80653314700004],[7.679510539000034,50.810046707000026],[7.676356372000043,50.81233541600005],[7.669897680000076,50.81243531500007],[7.664109173000043,50.815352862000054],[7.661003633000064,50.820364305000055],[7.66641321700007,50.82075526300008],[7.669209912000042,50.81862228500006],[7.674628277000068,50.81919510400007],[7.681714915000043,50.821994776000054],[7.69942710600003,50.82501145200007],[7.706502580000063,50.83057180000003],[7.706390792000036,50.833855580000034],[7.713613873000043,50.83361504100003],[7.714285525000037,50.84044718600006],[7.72168851400005,50.843163736000065],[7.729342105000057,50.85052279100006],[7.736914974000058,50.84724094200004],[7.746740596000052,50.84685796100007],[7.758043379000071,50.84348242600004],[7.76218749700007,50.845134408000035],[7.760335232000045,50.84857516900007],[7.75482370800006,50.84918328400005],[7.753187095000044,50.85136851300007],[7.765973969000072,50.85681948000007],[7.754143198000065,50.86529298800008],[7.748309881000068,50.86721679400006],[7.752831018000052,50.87517665200005],[7.758767439000053,50.879772236000065],[7.753021566000029,50.88837918400003],[7.75354334900004,50.892317165000065],[7.760427260000029,50.900393948000044],[7.758795372000066,50.902714451000065],[7.750604339000063,50.90566329900008],[7.745064030000037,50.905198978000044],[7.746872127000074,50.91239200100006],[7.735794559000055,50.91572049100006],[7.735459232000039,50.91776539300008],[7.74236318100003,50.91975711900005],[7.748497539000027,50.919119118000026],[7.754488958000024,50.92161973100008],[7.757281422000062,50.920164001000046],[7.776218913000037,50.929036576000044],[7.785898056000065,50.93991411800005],[7.784677019000071,50.94261784100007],[7.788178493000032,50.944643393000035],[7.78231110300004,50.94747946800004],[7.792022809000059,50.951203262000035],[7.784250225000051,50.96151127500008],[7.785967969000069,50.96626921600006],[7.783751524000024,50.97100741100007],[7.780662803000041,50.97063029900005],[7.779832304000024,50.97244042600005],[7.781341931000043,50.97343614500005],[7.780297112000028,50.97995998700003],[7.766990576000069,50.980546100000026],[7.760111572000028,50.97796242900006],[7.748889870000028,50.97776998200004],[7.741403999000056,50.98283378500008],[7.743095688000039,50.98586595300003],[7.738345363000064,50.99045856600003],[7.725730272000021,50.99805090600006],[7.727684405000048,51.005088527000055],[7.724221984000053,51.00738307600005],[7.724412906000055,51.00973096600006],[7.726562181000077,51.010401294000076],[7.729595893000067,51.01708078000007],[7.727493596000045,51.017373819000056],[7.735629154000037,51.02382765600004],[7.73245143500003,51.024667015000034],[7.733890641000073,51.02561596700008],[7.727944830000069,51.02937791200003],[7.734037315000023,51.03327721800008],[7.727714490000039,51.04300529500006],[7.724807894000037,51.043079076000026],[7.724453014000062,51.04643798700005],[7.720159471000045,51.047055998000076],[7.717216377000057,51.05110952700005],[7.710547577000057,51.053444238000054],[7.704449903000068,51.06203014400006],[7.701628278000044,51.06176057000005],[7.706771254000046,51.067122088000076],[7.704801260000067,51.06912637100004],[7.715380222000022,51.072780805000036],[7.713095309000039,51.07497019700003],[7.701085847000058,51.07952674900008],[7.691839819000052,51.086503909000044],[7.686879483000041,51.08603853300008],[7.68686810500003,51.083211550000044],[7.679475835000062,51.08052365700007],[7.661193811000032,51.07640863200004],[7.658816355000056,51.07718933500007],[7.648525126000038,51.07333616400007],[7.640653350000036,51.07245736800007],[7.639010184000028,51.07457072100004],[7.635155948000033,51.07085495900003],[7.626376692000065,51.06852347200004],[7.617940358000055,51.07534142700007],[7.609898525000062,51.07760776500004],[7.610361066000053,51.07990038400004],[7.604700434000051,51.07973042400005],[7.600610818000064,51.08141727200007],[7.600512226000035,51.083722445000035],[7.602620952000052,51.08432745500005],[7.599361294000062,51.087472571000035],[7.601838666000049,51.09033211500008],[7.604214936000062,51.09041995100006],[7.602801022000051,51.09251940300004],[7.606829924000067,51.09620959600005],[7.606264757000076,51.09798713500004],[7.602235344000064,51.10045734400006],[7.599675625000032,51.09976761400003],[7.595691596000052,51.10199376500003],[7.586872920000076,51.103108156000076],[7.582083347000037,51.10657167000005],[7.569925882000064,51.10540947800007],[7.567323805000058,51.103952797000034],[7.55407325300007,51.10531863600005],[7.550547627000071,51.10312385200007],[7.547998473000064,51.10429979000003],[7.546822405000057,51.102625818000035],[7.534654880000062,51.10231734100006],[7.53518097500006,51.10054223900005],[7.526615380000067,51.10193974400005],[7.516796566000039,51.10067110500006],[7.516240158000073,51.102257921000046],[7.513879541000051,51.10177823300006],[7.510707784000033,51.103545868000026],[7.503119713000046,51.10291291200008],[7.500907864000055,51.10434279200007],[7.502400630000068,51.105600983000045],[7.499328165000065,51.10489305800007],[7.49513156200004,51.10751070900005],[7.497622460000059,51.114269111000056],[7.501420665000069,51.11415961300003],[7.50425391300007,51.11672246000006],[7.502314212000044,51.11955074600007],[7.504935587000034,51.12209581800005],[7.503015302000051,51.12973371800007],[7.495861128000058,51.127981016000035],[7.492661146000046,51.125020576000054],[7.484906176000038,51.13200631500007],[7.481049278000057,51.13215446900006],[7.484085378000032,51.13530160100004],[7.483590065000044,51.13778569900006],[7.482490398000039,51.13699488900005],[7.480993072000047,51.13811887400004],[7.481890301000021,51.14068722700006],[7.473198846000059,51.13896230600005],[7.47515648600006,51.14300904500004],[7.468884648000028,51.14652947700006],[7.472920055000031,51.14939858900004],[7.469755755000051,51.155079673000046],[7.477154631000076,51.16324055800004],[7.473914299000057,51.16439036600008],[7.455592459000059,51.159889365000026],[7.451180796000074,51.16337633100005],[7.449146977000055,51.160558740000056],[7.441616765000049,51.15818872800003],[7.446940152000025,51.16123051200003],[7.442556072000059,51.162340579000045],[7.448893375000068,51.16374887600006],[7.441661722000049,51.16719787800008],[7.439338666000026,51.165571742000054],[7.438012305000029,51.166200495000055],[7.440466855000068,51.17139961700008],[7.436775338000075,51.17655318300007],[7.436771423000039,51.180072471000074],[7.430997044000037,51.17939930400007],[7.432951357000036,51.18092429100005],[7.427176132000056,51.182186185000035],[7.423966247000067,51.18601334300007],[7.426712864000024,51.18737328200007],[7.421933868000053,51.18715433500006],[7.420228269000063,51.188638354000034],[7.422005723000041,51.191995132000045],[7.417653962000031,51.19832105100005],[7.419006999000032,51.20075105500007],[7.424041174000024,51.201691279000045],[7.425558828000021,51.204413998000064],[7.427765237000074,51.203000744000065],[7.42998622500005,51.204818749000026],[7.430215934000046,51.213786861000074],[7.433343160000049,51.214409164000074],[7.42971699900005,51.215898941000034],[7.431163968000021,51.21893554900004],[7.429275673000063,51.225333558000045],[7.418790966000074,51.22875636300006],[7.417876808000074,51.22593408300003],[7.413780548000034,51.228105095000046],[7.411179897000068,51.22440168600008],[7.414417774000071,51.22269854800004],[7.414130219000072,51.22081587100007],[7.410578888000032,51.219654803000026],[7.40375265800003,51.22143603200004],[7.404205334000039,51.22427509000005],[7.400630776000071,51.22345928100003],[7.395284084000025,51.22986602900005],[7.39787824800004,51.23606807400006],[7.403045535000047,51.23876187800005],[7.394996157000037,51.24263720400006],[7.393818444000033,51.245658914000046],[7.389791319000039,51.24659623900004],[7.385869656000068,51.24204941200003],[7.378953660000036,51.241850647000035],[7.378523887000028,51.24565738500007],[7.375210801000037,51.24470791400006],[7.374919027000033,51.24697912900007],[7.373196999000072,51.245259961000045],[7.366104352000036,51.24411833400006],[7.362690595000061,51.24497890100008],[7.357809332000045,51.24265384900008],[7.359076324000057,51.24048155300005],[7.352870066000037,51.23878439300006],[7.347566078000057,51.240918667000074],[7.340008296000065,51.23902282600005],[7.337931775000072,51.24746894100008],[7.331746778000024,51.25028900400008],[7.326914536000061,51.24898889800005],[7.326483736000057,51.24598936700005],[7.321888301000058,51.24408905400003],[7.313828886000067,51.245015273000035],[7.306693513000027,51.238875258000064],[7.307715565000024,51.235093781000046],[7.313570202000051,51.23402855100005],[7.310793250000074,51.231084975000044],[7.296927959000072,51.22393828600008],[7.29978101100005,51.22312478500004],[7.300101113000039,51.22119732900006],[7.295359187000031,51.219887820000054],[7.300371721000033,51.21005574900005],[7.295806435000031,51.20539193900004],[7.29590498500005,51.20330004700003],[7.298890322000034,51.20329523500004],[7.296156662000044,51.20033542200008],[7.298504326000057,51.19892837200007],[7.298649005000073,51.195824695000056],[7.30566820100006,51.195053019000056],[7.299669598000037,51.18606345300003],[7.303232895000065,51.18551251900004],[7.307853512000065,51.18935808600003],[7.309065667000027,51.18280804900007],[7.298323814000071,51.16723423800005],[7.301612068000054,51.16440776300004],[7.293352790000029,51.16136898100007],[7.297187519000033,51.15098122200004],[7.291830147000042,51.14563278500003],[7.283274196000036,51.144012700000076],[7.26179391900007,51.146852454000054],[7.253067746000056,51.15794086200003],[7.241002511000033,51.158640682000055],[7.238681924000048,51.15717288900004],[7.225022096000032,51.15859917600005],[7.220406899000068,51.16083432200003],[7.211780880000049,51.156374191000054],[7.203473855000027,51.15490101100005],[7.198782147000031,51.15162309700003],[7.184755040000027,51.15590557300004],[7.180151109000064,51.153208035000034],[7.177219836000063,51.15434057200008],[7.171319541000059,51.15274960900007],[7.166350231000024,51.15394088200003],[7.16406991100007,51.15220059300003],[7.163312104000056,51.14682910100004],[7.160264544000029,51.14521090900007],[7.166984244000048,51.145150648000026],[7.167473907000044,51.14074244100004],[7.169838808000065,51.139116674000036],[7.159363216000031,51.13351268500003],[7.165175395000063,51.13103950500005],[7.162843704000068,51.12934294000007],[7.168147745000056,51.12889388600007],[7.169297610000058,51.12681061200004],[7.171429361000037,51.12812960400004],[7.173950551000075,51.12845880200007],[7.173929645000044,51.12748595800008],[7.171733992000043,51.125451972000064],[7.156284391000042,51.12165300700008],[7.145300573000043,51.115240441000026],[7.143740490000027,51.116231362000065],[7.146192403000043,51.11791190100007],[7.144251009000072,51.11905610900004],[7.136759821000055,51.118390720000036],[7.135779177000074,51.11674670300005],[7.130761307000057,51.118199239000035],[7.127927392000061,51.12173812200007],[7.119441254000037,51.12270863200007],[7.117138865000072,51.12611948600005],[7.118592171000046,51.12986006800003],[7.11582375100005,51.13042806000004],[7.117111019000049,51.13284581500005],[7.111621901000035,51.13361971200004],[7.110140441000055,51.137129075000075],[7.104493998000066,51.13662279300007],[7.097004371000025,51.13844602300003],[7.096733737000022,51.13402354600004],[7.094614748000026,51.13352897300007],[7.082034710000073,51.13806660700004],[7.074801127000057,51.134796175000076],[7.076398529000073,51.12685047600007],[7.064742840000065,51.12696981000005],[7.059291909000024,51.124185081000064],[7.044237757000076,51.13161276300008],[7.035121032000063,51.131774961000076],[7.02427083200007,51.12985822300004],[7.012375890000044,51.12377486500003],[7.003922226000043,51.12294555900007],[6.998292493000065,51.119924266000055],[6.999720865000029,51.114852719000055],[6.995314796000059,51.11310460800007],[6.99530823200007,51.10899488700005],[6.992601219000051,51.10874674300004],[6.990384983000069,51.10350629000004],[6.989510919000054,51.07503434900008],[6.974100853000039,51.068417252000074],[6.971584542000073,51.068043887000044],[6.969113893000042,51.070446222000044],[6.964599539000062,51.06871508200004],[6.960582828000042,51.072259391000046],[6.954266482000037,51.07258997100007],[6.955216338000071,51.07101546100006],[6.951848495000036,51.07167870400008],[6.951196240000058,51.06992935800008],[6.948509385000023,51.07028894500007],[6.948454311000035,51.072124863000056],[6.945976872000074,51.07105852700005],[6.939135346000057,51.07230349200006],[6.934695310000052,51.07735815900003],[6.926333090000071,51.08197036000007],[6.923447448000047,51.080818976000046],[6.92174013500005,51.08196647900007],[6.898045050000064,51.064885624000055],[6.887612755000021,51.06837536100005],[6.859863225000026,51.07407773400007],[6.854154622000067,51.07851143400006],[6.853487489000031,51.08425594200003],[6.846397603000071,51.08456558200004],[6.843085261000056,51.083948304000046],[6.844103800000028,51.08173713200006],[6.837422523000043,51.080140218000054],[6.838640962000056,51.07793536300005],[6.822986484000069,51.073864694000065],[6.827875602000063,51.06766979100007],[6.830983814000035,51.05850394200007],[6.816842543000064,51.05378686700004],[6.813204041000063,51.046108237000055],[6.804759525000065,51.04841729300006],[6.800867023000023,51.059456917000034],[6.792531605000022,51.06404054800004],[6.791437186000053,51.06741117800004],[6.787360592000027,51.068809858000066],[6.773632464000059,51.064390014000026],[6.753209559000027,51.066059808000034],[6.752574620000075,51.060377137000046],[6.758515614000032,51.05613439600006],[6.761715971000058,51.042522123000026],[6.751610693000032,51.03972002900008],[6.743503704000034,51.04629687600004],[6.73916261100004,51.03815676000005],[6.743031970000061,51.03713742300005],[6.72814470700007,51.03097164600007],[6.724202814000023,51.02394287800007],[6.720409691000043,51.022459465000054],[6.715383549000023,51.01508882100006],[6.70376316100004,51.01780984900006],[6.681934461000026,51.01871801900006],[6.677287454000066,51.020160281000074],[6.67340075200002,51.01585221000005],[6.658693107000033,51.020972046000054],[6.657250591000036,51.01959103200005],[6.650347836000037,51.02221015500004],[6.643718809000063,51.02170256100004],[6.639551677000043,51.02302410600004],[6.643702380000036,51.02411549300007],[6.637322546000064,51.02677465900007],[6.634026375000076,51.02486806100006],[6.622005744000035,51.024937],[6.605036085000052,51.020779633000075],[6.591728704000047,51.02176263000007],[6.582392823000021,51.017962055000055],[6.579025669000032,51.01808300600004],[6.578624288000071,51.02389842100007],[6.571127948000026,51.021810154000036],[6.565705895000065,51.02200856500008],[6.548683445000052,51.02630215500005],[6.561259433000032,51.03518471900003],[6.55645503300002,51.043652214000076],[6.557251372000053,51.04940071200008],[6.553315264000048,51.05578780500008],[6.537683833000074,51.05200470300008],[6.534745251000061,51.059275297000056],[6.526556750000054,51.05839275300008],[6.522302990000071,51.05614822000007],[6.518895448000023,51.058365611000056],[6.491756190000046,51.04736074400006],[6.484403034000024,51.04244078100004],[6.48049544600002,51.034178765000036],[6.459211011000036,51.04307300900007],[6.477169230000072,51.05611298500003],[6.473021532000075,51.059087506000026],[6.471332412000038,51.057885439000074],[6.459649850000062,51.06140914400004],[6.452489038000067,51.05973698500003],[6.450117791000025,51.06314187500004],[6.447259767000048,51.06246584200005],[6.445222034000039,51.06548575900007],[6.444510492000063,51.06789398400008],[6.447407554000051,51.068454289000044],[6.452378740000029,51.07441640900004],[6.45025481600004,51.07497805700007],[6.450707754000064,51.07699422400003],[6.45261040500003,51.076501601000075],[6.45303831700005,51.07880523600005],[6.454776537000043,51.078721373000064],[6.454835827000068,51.08164297400003],[6.451623740000059,51.08058536000004],[6.450640090000036,51.090220715000044],[6.424922286000026,51.08609189400005],[6.419964598000035,51.08617836600007],[6.418342429000063,51.08949908000005],[6.407856419000041,51.08842037100004],[6.405126370000062,51.08596360000007],[6.403351936000035,51.08661317500008],[6.404551990000073,51.08808811400007],[6.397830655000064,51.08933876900005],[6.397812079000062,51.091807215000074],[6.385582585000066,51.09036877900007],[6.386635383000055,51.092783326000074],[6.390966923000065,51.09347667800006],[6.392377693000071,51.09886108300003],[6.38662088600006,51.09761291600006],[6.372516565000069,51.09898009600005],[6.366810533000034,51.096047577000036],[6.365362968000056,51.09767242100003],[6.36038727600004,51.09554044600003],[6.352496973000029,51.10118079500006],[6.354876216000036,51.102581050000026],[6.35110110100004,51.10493406300003],[6.353253571000039,51.106470467000065],[6.351418697000042,51.10729738800006],[6.354196604000037,51.11053635600007],[6.349480179000068,51.11244305200006],[6.351670297000055,51.11674118500008],[6.348398209000038,51.11973413100003],[6.354422270000043,51.12656365000004],[6.344076467000036,51.12751055800004],[6.346892836000052,51.13107125700003],[6.333136640000021,51.13491242400005],[6.331963705000021,51.14233952500007],[6.324101909000035,51.14460989100007],[6.319022509000035,51.15005524800006],[6.301908531000038,51.15248757100005],[6.30585462800002,51.16520990300006],[6.29414087300006,51.16758572700007],[6.292193926000039,51.175217270000076],[6.282029220000027,51.17543611700006],[6.276865083000075,51.179711259000044],[6.274172198000031,51.17885678200008],[6.270207563000042,51.18132695500003],[6.267378541000028,51.18031424600008],[6.262617355000032,51.18614672600006],[6.250672536000025,51.18991990300003],[6.248564072000022,51.18715651200006],[6.243686922000052,51.186393199000065],[6.241183229000058,51.18757272000005],[6.228527678000034,51.17679778400003],[6.229833504000055,51.17585708900003],[6.22475300800005,51.17282539800004],[6.222642908000068,51.17349214200004],[6.21862175800004,51.16964562900006],[6.211297168000044,51.166922886000066],[6.209833313000047,51.167850771000076],[6.209772969000028,51.16631699000004],[6.17481176900003,51.18451334200006]]],[[[6.192613883000035,50.662582927000074],[6.188728225000034,50.66332644600004],[6.166980126000055,50.661020551000036],[6.173376191000045,50.65623302800003],[6.183353889000045,50.65198251400005],[6.181437334000066,50.64971168100004],[6.183854755000027,50.64886466300004],[6.194424405000063,50.65752487800006],[6.192613883000035,50.662582927000074]]]]}},{"type":"Feature","properties":{"parentIso":"FRA","name":"Paris"},"geometry":{"type":"Polygon","coordinates":[[[2.331898060637624,48.817010929647054],[2.344448463099662,48.81556223807286],[2.352391840207208,48.81855100593643],[2.355852301315165,48.81592281549823],[2.363328923996346,48.8161481345928],[2.402237349716066,48.8295895672114],[2.410635549558315,48.824999494409816],[2.429694192167297,48.823487426624816],[2.437328614686424,48.81817682286433],[2.45941357657735,48.81684780710748],[2.462696062752353,48.81905977056918],[2.465093540859406,48.824191530689916],[2.465426352616533,48.83131958521778],[2.469724350790882,48.835195174038844],[2.465410865260515,48.84106585843884],[2.446646486889991,48.84580196618306],[2.44075815339398,48.84596434933394],[2.440519707011924,48.84443973102235],[2.437958319623623,48.844664254895896],[2.437184204443509,48.8408932178423],[2.424652097345379,48.84185706809918],[2.421847988927573,48.84443729119556],[2.419357555615491,48.8423216362718],[2.422138636243514,48.83579766096038],[2.411471874927622,48.83392893877813],[2.416341130298895,48.84923378355704],[2.412453090020587,48.87644319370212],[2.409359835767223,48.880255513389756],[2.400106665255306,48.88382119875486],[2.397609202840061,48.89472191303625],[2.39551809460183,48.89826456847116],[2.39107744463727,48.90077993289507],[2.384530045616338,48.9021475933584],[2.319887174744135,48.9004597820956],[2.28564161638002,48.886554663565285],[2.281013519711559,48.88297099007788],[2.279949332567544,48.878573123987046],[2.258467171114177,48.88038726309104],[2.254817140668558,48.874080881374105],[2.245703788405577,48.87645923248163],[2.240945304504729,48.872341617518046],[2.230658982743392,48.86807956693212],[2.224219105880447,48.853516917562075],[2.252477551164905,48.84548557637467],[2.251709308946857,48.8388218162397],[2.255144238417506,48.83480954937467],[2.268101694609093,48.8344281587163],[2.269930760703455,48.83301112512243],[2.267338606820312,48.831531984408755],[2.267826452957425,48.827835816778205],[2.272793190186762,48.827920084230804],[2.279051930653324,48.83248995215073],[2.292191836480192,48.827141584940556],[2.332461042459755,48.81824713008821],[2.331898060637624,48.817010929647054]]]}},{"type":"Feature","properties":{"parentIso":"CHN","name":"Shanghai"},"geometry":{"type":"MultiPolygon","coordinates":[[[[122.0441424600001,31.317851835000056],[121.85809090100008,31.370009598000024],[121.59898113400004,31.463474317000077],[121.5953463300001,31.437892608000027],[121.69618343500008,31.374860012000056],[121.98875306500008,31.28630055800005],[122.0441424600001,31.317851835000056]]],[[[121.41811606100009,30.710089537000044],[121.64626973400004,30.816827475000025],[121.89592145800009,30.94478845200007],[121.95833438900002,31.14976342500006],[121.67747619900001,31.357257119000053],[121.37472026300009,31.550450451000074],[121.30054218900011,31.508298902000035],[121.24398503900011,31.39801998300004],[121.20197115600001,31.273801175000074],[121.129254822,31.213012347000074],[121.03876338400005,31.10653782600008],[121.0018690170001,31.09295347400007],[121.11167362900005,31.021493710000072],[121.11063944000011,30.93105108700007],[121.15821208300008,30.88313502300008],[121.27610950000008,30.860055772000067],[121.33919496100009,30.820985921000045],[121.41811606100009,30.710089537000044]]],[[[121.98449234100008,31.511780694000038],[121.85667065900009,31.613432671000055],[121.48172705700006,31.774154777000035],[121.35390537500007,31.827264670000034],[121.21614200500005,31.836917734000053],[121.18067896800005,31.772484253000073],[121.4092947690001,31.613432671000055],[121.760094277,31.473027005000063],[121.90495884900008,31.447586172000058],[121.98449234100008,31.511780694000038]]]]}},{"type":"Feature","properties":{"parentIso":"CHN","name":"Jiangsu (Suzhou/Yancheng)"},"geometry":{"type":"Polygon","coordinates":[[[121.0018690170001,31.09295347400007],[121.03876338400005,31.10653782600008],[121.129254822,31.213012347000074],[121.20197115600001,31.273801175000074],[121.24398503900011,31.39801998300004],[121.30054218900011,31.508298902000035],[121.37472026300009,31.550450451000074],[121.23711829900003,31.638124580000067],[120.86957548200007,31.806239368000035],[120.79676039700007,31.92403237600007],[120.50896743700002,32.00345749200005],[120.3564024960001,31.929918074000057],[120.2974569490001,32.00639784400005],[120.43615235200002,32.07693796900003],[120.60605421900004,32.100439262000066],[120.92505364300007,31.941688338000063],[121.01520565500005,31.82391791300006],[121.13309674700008,31.82097172400006],[121.21631398700004,31.865154689000065],[121.34807462000003,31.85042938500004],[121.49023740700011,31.82097172400006],[121.70174789500004,31.720745386000033],[121.98260608400005,31.63222028100006],[121.97567131400001,31.770872127000075],[121.73295436,32.08575166400004],[121.46596571200007,32.18558075200008],[121.42088970600003,32.40833244600003],[120.8938471780001,32.66557020100004],[120.96666226500008,32.87840046500003],[120.33213080000007,34.26505923600007],[119.59011039900008,34.60822617700006],[119.47568669200007,34.770736052000075],[119.23643712500007,34.83337377500004],[119.25030666300006,35.08061065700008],[119.43407807100004,35.16002236800006],[119.44213042800004,35.186350823000055],[119.28151313,35.199699183000064],[119.17402419300004,35.194032253000046],[119.06306787100004,35.17419488200005],[118.96598109000001,35.08912275700004],[118.82381830200006,34.80775500500005],[118.60537304500008,34.728001232000054],[118.4978841090001,34.545417789000055],[118.2933083910001,34.513995805000036],[118.27250408000009,34.67098709000004],[118.08526528700008,34.767887752000036],[117.97084158000007,34.75079588800003],[117.89109172300005,34.63390683700004],[117.6587769250001,34.57397294000003],[117.48540767400004,34.65957954800007],[117.28429934100006,34.60822617700006],[117.19761471400011,34.790671399000075],[117.02077807600006,35.052230577000046],[116.85434359400006,35.060745637000025],[116.58042017500009,34.99828124700008],[116.51800724400005,34.759342262000075],[116.45645125200008,34.73220183800004],[116.53642647200002,34.69933253000005],[116.70086234300004,34.571695559000034],[116.96147768600008,34.508655678000025],[117.05869134700004,34.477970371000026],[117.06360374000008,34.30654350300006],[117.22034784000004,34.128827122000075],[117.46111970400011,34.12748948900003],[117.74067361300001,34.06325823700007],[117.83762872800003,33.95073633900006],[117.88449036500003,33.81255975400006],[118.01376385000003,33.805846459000065],[118.23191285400003,33.83001185300003],[118.21138563900001,33.61741350300008],[118.09697734300005,33.37725290800006],[118.11275779900006,33.304745223000054],[118.29423302700002,33.248675228000025],[118.35735484400004,33.103385815000024],[118.41653154900007,32.911500431000036],[118.55066541400004,32.82534746300007],[118.834713598,32.82866258700005],[118.9057256420001,33.027343287000065],[119.02013393900006,33.03726560400003],[119.15821291600002,32.94130310300005],[119.19371893900006,32.86180701100005],[119.2292249620001,32.66275497500004],[119.14637757700007,32.58965783100007],[118.98462791700001,32.66275497500004],[118.75975643700008,32.66275497500004],[118.74397598400003,32.58633381400006],[118.83076848300004,32.423306172000025],[118.71241507400009,32.26665535500007],[118.49148871000011,32.11641668800007],[118.61378723200005,31.898968169000057],[118.79920757500008,31.79508050000004],[118.8426038240001,31.731349618000024],[118.98857303000011,31.68436194800006],[118.96095723300004,31.496173501000044],[118.901780529,31.432237567000072],[118.94123166500003,31.341306191000058],[119.12665200900005,31.300863999000057],[119.32390769100004,31.358151976000045],[119.43437087400002,31.331197271000065],[119.505382918,31.277264700000046],[119.73999731800006,31.22506099000003],[119.79337621500008,31.21317969900008],[120.03008303500008,31.219927537000046],[120.30624099200008,30.969937291000065],[120.42064928800005,31.013902106000046],[120.55478315200003,31.003758177000066],[120.60212451600012,30.87856105000003],[120.83488622200002,30.96655454300003],[120.87717152900007,31.047026002000052],[121.0018690170001,31.09295347400007]]]}},{"type":"Feature","properties":{"parentIso":"CHN","name":"Guangdong (Shenzhen)"},"geometry":{"type":"MultiPolygon","coordinates":[[[[110.53676803200005,21.084862792000024],[110.48133133300007,21.09040466700003],[110.31485538800007,21.03956254900004],[110.29058369400008,20.96187294200007],[110.61305050300007,20.923012990000075],[110.53676803200005,21.084862792000024]]],[[[111.98457604700008,21.626025668000068],[111.93983394300005,21.71275003100004],[111.82976978600004,21.57716746400007],[111.98457604700008,21.626025668000068]]],[[[112.61622819500008,21.621322133000035],[112.66948722900008,21.703818053000077],[112.61918950400002,21.717663910000056],[112.53855877,21.621322133000035],[112.61622819500008,21.621322133000035]]],[[[112.80263481500003,21.693508644000076],[112.83370258500008,21.745048303000033],[112.79325721500004,21.763830746000053],[112.73606102100007,21.693508644000076],[112.76712879200011,21.58005650000007],[112.80263481500003,21.693508644000076]]],[[[113.43322178100004,22.082112712000026],[113.38647015000004,22.10497536200006],[113.34942756700002,22.03735956500003],[113.43322178100004,22.082112712000026]]],[[[109.74212505200006,21.546600053000077],[109.99100162500008,21.518136008000056],[109.75355509700006,21.23089421800006],[109.68254305100004,20.880903335000028],[109.79793762400004,20.841503922000072],[109.77574636000008,20.673422452000068],[109.80237587900007,20.621507781000048],[109.80015675200008,20.54671955500004],[109.98656337200003,20.469815735000054],[109.92442783100006,20.41367239500005],[109.94218084300007,20.284673206000036],[110.30611757700007,20.261775017000048],[110.52359196800006,20.442786315000035],[110.52803022200004,20.50723322700003],[110.36825311900009,20.70041107000003],[110.36603399200004,20.841503922000072],[110.21735252000008,20.930656244000033],[110.21291426700009,21.048753142000066],[110.49252419900006,21.224688554000068],[110.63232916300007,21.21227644100003],[110.79210626600008,21.43140298800006],[110.98960851900006,21.421074189000024],[111.08281182900004,21.524329245000047],[111.34244962100007,21.50368409200007],[111.44009118500009,21.56354695300007],[111.58655353000006,21.549099557000034],[111.73745412700003,21.64401321300005],[111.76630277100008,21.742987071000073],[112.03703619600003,21.80687149000005],[112.38321991900011,21.77802398600005],[112.42760244700003,21.878964818000043],[112.61622819500008,21.815112569000064],[112.81373044700001,21.928379206000045],[113.01123269800007,21.92220334500007],[113.03564309,22.191632205000076],[113.07114911300005,22.263529899000048],[113.21539233100009,22.066236839000055],[113.38182681400008,22.22245001700003],[113.41067545600004,22.273797987000023],[113.38182681400008,22.36617682900004],[113.523850906,22.255314887000054],[113.6334757510001,22.334569620000025],[113.57098515100006,22.580013653000037],[113.56726256700006,22.757461740000053],[113.54992564000008,22.843765612000027],[113.5707299500001,22.90765913100006],[113.67821888800006,22.792629173000023],[113.78570782400004,22.783038954000062],[113.90359891600008,22.568682119000073],[113.99732513700008,22.542234154000028],[114.01507643200011,22.525838134000026],[114.02795463400003,22.53015688100004],[114.03961332353636,22.534065890046644],[114.06234179677834,22.54168645556917],[114.1774439290001,22.58027872400004],[114.26638408600002,22.603194646000077],[114.374973812,22.628015924000067],[114.3763936470001,22.638936645000058],[114.46878267900001,22.626303422000035],[114.579739,22.552671924000038],[114.60747808100007,22.728681648000077],[114.78778210400003,22.802218718000063],[114.8016516450001,22.642305055000065],[114.91954273500005,22.616701547000048],[115.19346615500001,22.846961001000068],[115.41191141200011,22.83098330200005],[115.42924833900008,22.783038954000062],[115.41884618400002,22.677502090000075],[115.55060681500004,22.66790379400004],[115.6164871310001,22.853351556000064],[115.66503052200005,22.91404682800004],[115.84533454500001,22.78943250800006],[116.04991026100004,22.90765913100006],[116.160866585,22.898077019000027],[116.31689891200006,22.98109946900007],[116.55614847900006,22.984291622000057],[116.59775710100007,23.201180692000037],[116.81966974400007,23.258533800000066],[116.698311267,23.43998902800007],[116.958365146,23.395444071000043],[117.14907132400003,23.45907513000003],[117.07889145000001,23.557388399000047],[117.17653301300004,23.652960275000055],[117.22161590400003,23.642915019000043],[117.2148537160001,23.66831035900003],[117.176588766,23.711874153000053],[117.10864747000005,23.754691292000075],[117.10864747000005,23.835549805000028],[116.98492870500002,24.073212074000025],[117.03290128800006,24.29101290400007],[116.8131363650001,24.570546555000078],[116.78773412500004,24.724817811000037],[116.72361447700007,24.741725517000077],[116.55297347700002,24.684417879000023],[116.4505888760001,24.85626153900006],[116.33889658700002,24.934123038000052],[116.20341797600008,24.921931108000024],[116.12378550900007,24.960378485000035],[115.96841599700008,24.97318308900003],[115.97056108200002,24.967227816000047],[115.8245918770001,24.895678235000048],[115.85615278500006,24.730956888000037],[115.81275653600005,24.641342741000074],[115.70229335300007,24.644928544000038],[115.47347676000004,24.841988817000072],[115.14208721400007,24.723790129000065],[114.48325323300003,24.58754335900005],[114.27021709500002,24.759619799000063],[114.45958255000005,24.945767303000025],[114.49508857300009,25.092339483000046],[114.73574050800005,25.156632890000026],[114.75546607600006,25.29581901800003],[114.67656380100004,25.44909561000003],[114.51875925600007,25.427719859000035],[114.36489982300009,25.374263894000023],[114.13608323200003,25.402776689000063],[114.04385854500003,25.54367680300004],[114.02577785300002,25.53085842400003],[113.94245705300011,25.49212061000003],[113.86166112500007,25.451090487000045],[113.76066621600012,25.41460752200004],[113.6369474500001,25.43057017800004],[113.55110177800009,25.460209502000055],[113.47283072200003,25.510351726000067],[113.34658708500001,25.585525807000067],[113.27841552100006,25.567306118000033],[113.14207239300003,25.48528322900006],[113.048652102,25.453370304000032],[113.01077901100007,25.398642752000057],[113.0082541380001,25.366706875000034],[113.01330388400004,25.33932654800003],[113.03350286700004,25.31194002500007],[113.06632621100005,25.26628205800006],[113.06632621100005,25.23659516500004],[113.0612764660001,25.172629546000053],[113.03602773800003,25.104057690000047],[113.01077901100007,25.06060894500007],[112.995629774,25.02858421800005],[112.90220948300009,25.02858421800005],[112.72799326400002,25.16577409300004],[112.664871446,25.25714840200004],[112.28866540600006,25.26399870800003],[112.2836156620001,25.245730366000032],[112.25584206200006,25.19090886500004],[112.23564308000005,25.115489007000065],[112.240692824,25.065183224000066],[112.23311820700008,24.978242759000068],[112.1775710070001,24.891240795000044],[112.00254682900004,24.857199923000053],[112.00096129100007,24.85742471100008],[111.99608315400008,24.814261637000072],[112.00739458300006,24.768784803000074],[112.05910397700006,24.668970839000053],[112.06395173400006,24.605811920000065],[112.06395173400006,24.57201614300004],[112.06718357000011,24.520570297000063],[112.076879082,24.46027835500007],[112.0574880590001,24.40437223500004],[111.99769907200005,24.346969154000078],[111.93952600500006,24.29248575300005],[111.94275784100006,24.164284028000054],[111.93952600500006,24.069892438000068],[111.91043947000009,24.01824262200006],[111.86034599500005,23.957712154000035],[111.79570925300004,23.928174778000027],[111.75854312700005,23.923743590000072],[111.67936311700004,23.910449108000023],[111.66643576900009,23.76204918700006],[111.55816922600008,23.70642947300007],[111.54039412200007,23.659074864000047],[111.52100309900004,23.595415099000036],[111.48706880900005,23.536168962000033],[111.46606186800005,23.485788754000055],[111.43859125400007,23.427975982000078],[111.42404798600006,23.373104589000036],[111.42404798600006,23.328597589000026],[111.43020867500007,23.247612269000058],[111.45040765700008,23.184961017000035],[111.45798227500006,23.136211966000076],[111.44283303900005,23.036337196000034],[111.41000969300006,22.964288484000065],[111.09692547400005,22.754897502000063],[111.01107979900007,22.70133480900006],[110.91513463600006,22.65241143800006],[110.84948794400009,22.643090723000057],[110.79141587200007,22.62910846500006],[110.74596816300004,22.57083374900003],[110.72829405400006,22.503204202000063],[110.74344329000007,22.416870204000077],[110.76616714500005,22.344494965000024],[110.61719965300006,22.269745605000026],[110.53640372600006,22.24637823100005],[110.37733674300006,22.248715143000027],[110.34703826900005,22.056959092000056],[110.39632378600004,21.99404376600006],[110.37531684500004,21.973065785000074],[110.32037561400006,21.96707150700007],[110.20564539700007,21.96257563200004],[110.10869028400003,21.96257563200004],[110.06667640100005,21.961076975000026],[109.98426455500004,21.910113253000077],[109.96487353200007,21.85913129100004],[109.94225067200006,21.767618045000063],[109.92124373100006,21.73309787900007],[109.90185270800004,21.72409125400003],[109.84044780300007,21.719587729000068],[109.82428861800008,21.70907895700003],[109.79197024500007,21.67904966900005],[109.74349269000004,21.611460900000054],[109.74212505200006,21.546600053000077]]]]}},{"type":"Feature","properties":{"parentIso":"VNM","name":"Hanoi"},"geometry":{"type":"Polygon","coordinates":[[[105.96891894225541,21.34958065122612],[105.96889617681717,21.349526128927778],[105.93352703504468,21.36359443323653],[105.92689532096233,21.37148581691696],[105.91768460665935,21.389668692256407],[105.90331589281425,21.39104089222343],[105.89189460804977,21.395843493182724],[105.88747346532824,21.400988963370025],[105.87421003716355,21.404762191322106],[105.86905203672217,21.404419174605266],[105.85320960923616,21.398930797418416],[105.85357803719671,21.388639533287858],[105.85652546627733,21.373887458239665],[105.85284118037623,21.35879077377524],[105.84657789515381,21.34986927424768],[105.84141989471243,21.337515531916324],[105.82963018108802,21.323444724794285],[105.81710360974387,21.317266871568904],[105.79241889591538,21.289463315179887],[105.78762932523324,21.27401462077819],[105.79647160977703,21.26062444216433],[105.80457703929898,21.251696979232236],[105.82005103792511,21.241738786216047],[105.82963018108802,21.230749653573696],[105.85910446559865,21.21117323465711],[105.86242032263982,21.206364594750312],[105.85689389423788,21.191594220297077],[105.85210432265643,21.16376694698704],[105.84326203811264,21.14521252303956],[105.8351566085907,21.14005810369855],[105.80089275339793,21.14280715042969],[105.79389261135498,21.14486890107895],[105.75778661186268,21.16411052488087],[105.70473289920398,21.175104616385],[105.69110104217941,21.183693180595867],[105.68262718469686,21.187128466705417],[105.66752161403133,21.187128466705417],[105.65683718608733,21.1812884330148],[105.64799490064422,21.172012609594333],[105.62846818725711,21.16204904222957],[105.58388833118158,21.156551614265652],[105.56657218915524,21.162392624619997],[105.54851919030847,21.174073954649316],[105.53636104692481,21.17854010214404],[105.52641347580135,21.185067305112113],[105.519781761719,21.19537282799365],[105.5160974758179,21.2039602158913],[105.51039420203085,21.257465554591704],[105.5002550483319,21.27548403386112],[105.49988662037129,21.280194293332045],[105.49104433402886,21.284657228448395],[105.47593876336327,21.288433452042227],[105.46009633497795,21.29598560874888],[105.44462233635181,21.297358687353608],[105.43320104978869,21.29564233662461],[105.42325347866517,21.28500052485441],[105.39967405141641,21.270238026663662],[105.39893719369661,21.258220947338884],[105.40593733663883,21.2482631949905],[105.40925319368,21.236931141858747],[105.41072690822028,21.221476937310854],[105.40077933709676,21.2039602158913],[105.39230547961427,21.195716333941732],[105.38235790939007,21.190907190414578],[105.3687260523655,21.188846080082556],[105.36209433828316,21.185067305112113],[105.35877848124198,21.16617197875388],[105.35951533806247,21.14246352217384],[105.36393648078405,21.12356275761522],[105.37830519462909,21.104315869182074],[105.38383162303103,21.087129037974762],[105.38125262281034,21.078534877282834],[105.37351562304764,21.063407945920005],[105.35951533806247,21.04002693699357],[105.36025219488295,21.02523999163236],[105.36356805192412,21.021113141258525],[105.36983133804586,21.01698617577142],[105.37609462326833,21.015610495428064],[105.38162105167027,21.02076923241418],[105.3897264802929,21.01733009360896],[105.39451605097503,21.011139445728872],[105.39962007500651,21.00331158296325],[105.41665078120866,21.009567316578455],[105.44347893020853,21.016830082242564],[105.45581987788512,21.024593336813098],[105.47942864911295,21.027848775600546],[105.50250085782841,21.026596691783936],[105.51350039922409,21.023591650334424],[105.524231657565,21.014826595970703],[105.54059682858082,21.010569099284567],[105.55535231116028,20.999799591877718],[105.56554700788814,20.98702544796612],[105.58432671200819,20.96999155816394],[105.58888749696047,20.95621272583668],[105.59076546755233,20.926396001973956],[105.59505797214774,20.920381826260325],[105.60525266797629,20.9173746471223],[105.62242268365998,20.915620432237233],[105.63825129216349,20.920632421449113],[105.64200723334721,20.91937944010914],[105.64093410742316,20.908603364953365],[105.6336905063119,20.903340348878032],[105.62778831417944,20.894066968016205],[105.62752003202394,20.8802811533526],[105.62403237299566,20.86047749464069],[105.63556847690376,20.835155094931736],[105.63503191439139,20.829889506795325],[105.62108127558048,20.815345496197722],[105.62054471306811,20.80431117262259],[105.62912972135962,20.79829211089225],[105.63851957341961,20.802054053251993],[105.6471045808118,20.8208623549138],[105.65756755879585,20.827632769636637],[105.66856710019158,20.829388012446884],[105.68198117469154,20.826629763852566],[105.68546883371977,20.823620708728754],[105.69056618208367,20.81233621624341],[105.69378555985577,20.799295303735335],[105.69539524919145,20.784497520644095],[105.69834634480804,20.773460940669906],[105.70102916006772,20.746618620153242],[105.71674039535304,20.724052960875497],[105.71841715432828,20.709153706378515],[105.71715958464716,20.64522713532409],[105.71129092733452,20.633066275987915],[105.71380606579737,20.62129677732446],[105.73728069684677,20.613449938863653],[105.75069477134667,20.605995069017297],[105.77416940239607,20.599324612141174],[105.78422995804618,20.59461587881981],[105.79135618503994,20.585197976905135],[105.81189648563435,20.550660693636132],[105.81432953128291,20.54610420384597],[105.83626189517037,20.556155784262103],[105.84215675243223,20.557382339923095],[105.85394646605664,20.566581193067634],[105.85787637119762,20.572713454262555],[105.86508119624028,20.590495617778572],[105.86770113180182,20.601531781366646],[105.86704614836111,20.616858459350453],[105.87163103694286,20.630957640982388],[105.87687090986464,20.63647435670623],[105.89128055994996,20.646894274251395],[105.90045033711345,20.6487330083217],[105.91616995587884,20.64934591518187],[105.9528490663314,20.64812009876357],[105.96791369985743,20.654861963608766],[105.99149312800552,20.678149738919387],[106.00983268323182,20.679375313420053],[106.02293236463697,20.667731965357973],[106.02817223755875,20.658539217710768],[106.03865198430168,20.654861963608766],[106.05044169792609,20.659152085000756],[106.0589564907495,20.667731965357973],[106.06354138023056,20.67631136098055],[106.07221337005103,20.695037271253113],[106.07343140255449,20.69727437910715],[106.07095580036997,20.698958634633357],[106.06634471183906,20.702879897289506],[106.04469774870222,20.713247226078693],[106.03450305287367,20.72002246476501],[106.02913742325353,20.736833785850592],[106.02216210429776,20.778728500120224],[106.01760131934549,20.782741755327777],[106.00821146728543,20.78424669792679],[105.99748020714588,20.791018756610356],[105.99238285878198,20.795282489195586],[105.9862123835947,20.80606668792734],[105.97870050302583,20.811082331084776],[105.97574940561066,20.82236691799892],[105.97762737710184,20.83891611728501],[105.9837978513898,20.845936440114656],[105.99372426596216,20.852455017684974],[105.99989474025011,20.86047749464069],[105.99935817683843,20.871006347065304],[105.99828505181375,20.877022502186776],[105.99452911063003,20.883790388915372],[105.98031019236157,20.892563121690785],[105.96877408755415,20.90183659698141],[105.96045736141815,20.92013123017216],[105.95882876563508,20.923063600105138],[105.96238563468933,20.925832182809017],[105.96531996334568,20.936011918415375],[105.96699672322023,20.965764097035503],[105.97370376002056,20.98063796726842],[105.9862794550329,20.991988082384125],[105.99927433933937,20.99277081721948],[106.00933489498948,20.99629307316684],[106.02694086782685,21.01312048132519],[106.03031061764096,21.018124849682124],[106.03616304398935,21.026815808003164],[106.04161251200787,21.036206160985614],[106.0474811702199,21.051073011110645],[106.04790036041334,21.066720722783202],[106.04287008168899,21.080019982636145],[106.02861762680209,21.09449135589142],[105.98963297298337,21.103877438892766],[105.96741591341373,21.110916612411756],[105.96364320437044,21.118346487400515],[105.95943453817347,21.142745143973286],[105.96367673919025,21.158758489412833],[105.9658229910383,21.185526930623382],[105.96367673919025,21.238299093428452],[105.96957893222202,21.249801417901153],[105.97360315376261,21.25305191311537],[105.99291942219367,21.265803160287646],[106.00767490387375,21.271803365033293],[106.01102790017906,21.272043386016016],[105.99280309668563,21.291523018072894],[105.99172892305143,21.305534335940877],[105.9745421404075,21.327012508020857],[105.97160781085182,21.335212435605456],[105.9707694313642,21.346144958622972],[105.9691591250936,21.348932984669545],[105.96891894225541,21.34958065122612]]]}},{"type":"Feature","properties":{"parentIso":"THA","name":"Bangkok"},"geometry":{"type":"Polygon","coordinates":[[[100.9141408,13.9462063],[100.7925758,13.9316117],[100.7526675,13.9184792],[100.6868292,13.9162736],[100.6897725,13.9310221],[100.6408959,13.9314009],[100.6396066,13.9326618],[100.6397859,13.9372884],[100.6248996,13.9379826],[100.6245989,13.9487696],[100.6128074,13.9551875],[100.6067546,13.9550172],[100.6068662,13.9537896],[100.6043548,13.9535051],[100.6056577,13.9441192],[100.5899972,13.9509287],[100.5740049,13.9546146],[100.5675998,13.951353],[100.543703,13.8497479],[100.5360603,13.8460891],[100.5131447,13.8260984],[100.5131104,13.8247565],[100.5117886,13.8260567],[100.5092566,13.8254983],[100.5099604,13.8240564],[100.5075743,13.8226396],[100.5063218,13.816492],[100.5148118,13.8133685],[100.5010877,13.8010047],[100.4662677,13.7891559],[100.4697407,13.7947483],[100.458854,13.7982595],[100.4152199,13.8011558],[100.3278772,13.8041844],[100.331776,13.7959918],[100.3312246,13.7929684],[100.3338779,13.7833948],[100.3302061,13.7729728],[100.3302275,13.7612496],[100.3330197,13.7601783],[100.3327949,13.7553659],[100.3354417,13.7533921],[100.3357491,13.741273],[100.3375172,13.7359709],[100.337566,13.732726],[100.3350126,13.7322257],[100.3345191,13.7304018],[100.3366788,13.726237],[100.3362158,13.7230076],[100.3329945,13.7210924],[100.3387832,13.7127792],[100.3352803,13.7111266],[100.3340684,13.713069],[100.3323111,13.7124681],[100.3334354,13.7076594],[100.3301632,13.702763],[100.3335429,13.6813712],[100.3360435,13.6769534],[100.33759,13.6773767],[100.3412801,13.6608554],[100.3393685,13.6549652],[100.3467236,13.6553193],[100.346216,13.6491171],[100.3449539,13.6487709],[100.3459802,13.6436009],[100.3486176,13.6437812],[100.3484118,13.6407102],[100.354271,13.63991],[100.3552478,13.6365442],[100.3589264,13.6374487],[100.359408,13.6329059],[100.3659647,13.6336906],[100.3713019,13.6252319],[100.3720796,13.6209099],[100.3755366,13.6188015],[100.3790688,13.5973765],[100.3784852,13.5941896],[100.3841929,13.5895511],[100.3859181,13.5854047],[100.3839076,13.576744],[100.3851092,13.5720717],[100.3864825,13.5697356],[100.3906024,13.5675663],[100.3947222,13.55722],[100.4132617,13.5607244],[100.414635,13.5565525],[100.4127467,13.5532149],[100.4202998,13.5453714],[100.4168665,13.5393634],[100.4170382,13.535358],[100.4063952,13.535358],[100.4055369,13.5078189],[100.4090046,13.4934205],[100.4097724,13.4958008],[100.4121436,13.4941569],[100.4134885,13.4952286],[100.4143852,13.4943022],[100.4145199,13.495937],[100.4167575,13.4944112],[100.4215209,13.4949561],[100.425672,13.497817],[100.4270238,13.4961896],[100.4345126,13.49644],[100.4353499,13.4981325],[100.4371519,13.4968155],[100.4382677,13.4992985],[100.4418082,13.4986308],[100.4533529,13.5041207],[100.4448474,13.555885],[100.4458773,13.5829179],[100.4466498,13.5870476],[100.4508298,13.5943726],[100.4538767,13.6060269],[100.4575245,13.6044419],[100.4640906,13.6056932],[100.4659617,13.6036494],[100.4668629,13.5969337],[100.4697125,13.592704],[100.4735835,13.5939304],[100.4731114,13.5992112],[100.4769265,13.6029681],[100.4770081,13.5992279],[100.4806044,13.598085],[100.4822524,13.5924287],[100.4895352,13.5884239],[100.4946463,13.5876457],[100.4985691,13.5910813],[100.499628,13.5956329],[100.5048373,13.5976893],[100.5114806,13.5968111],[100.5138239,13.6026235],[100.5210167,13.6051441],[100.5202697,13.6091419],[100.5163486,13.6126841],[100.5142207,13.6286216],[100.518043,13.6349196],[100.5150632,13.6394829],[100.5168089,13.645564],[100.5175771,13.6672274],[100.5210885,13.669125],[100.5204134,13.6709706],[100.5219926,13.6735156],[100.5203733,13.6756166],[100.5228322,13.6781679],[100.5359764,13.669416],[100.5440104,13.670127],[100.5480185,13.672754],[100.5520887,13.6807968],[100.5517966,13.7019213],[100.556065,13.7061323],[100.5625639,13.7059106],[100.5789442,13.6998818],[100.5860945,13.6942199],[100.5885493,13.6900418],[100.588784,13.6830743],[100.5873708,13.6793247],[100.5794589,13.669285],[100.5959776,13.662324],[100.5960444,13.6608614],[100.6004864,13.6594592],[100.6013897,13.657076],[100.6020895,13.6587629],[100.6046198,13.6581015],[100.6050774,13.6594585],[100.6074101,13.6585725],[100.6068837,13.6571559],[100.6156982,13.6536567],[100.6175205,13.6571232],[100.6304488,13.6506321],[100.6301385,13.6493632],[100.6358068,13.6487187],[100.6407557,13.6545723],[100.6499835,13.6523666],[100.6507898,13.6602941],[100.655405,13.6722948],[100.6598983,13.6701242],[100.6622227,13.6713359],[100.6668709,13.6681769],[100.6664483,13.6671657],[100.6783717,13.661428],[100.6982318,13.6558631],[100.6996859,13.6636795],[100.70641,13.678611],[100.7110523,13.7012219],[100.7123585,13.7012745],[100.7099173,13.7169711],[100.7163059,13.7170212],[100.7162956,13.718418],[100.7303482,13.7184906],[100.7307156,13.7168441],[100.7879663,13.7167233],[100.8593387,13.6897791],[100.8607551,13.697029],[100.8551559,13.6993956],[100.8905185,13.7561251],[100.9099158,13.7905482],[100.9283095,13.8011879],[100.9384449,13.8144244],[100.9076969,13.8381724],[100.9126747,13.846822],[100.9022158,13.8488479],[100.9047045,13.8588592],[100.9062984,13.8603719],[100.9065237,13.8809376],[100.9141408,13.9462063]]]}},{"type":"Feature","properties":{"parentIso":"THA","name":"Chiang Mai"},"geometry":{"type":"Polygon","coordinates":[[[99.513272,20.147538],[99.509858,20.147073],[99.500415,20.13514],[99.494633,20.13332],[99.498738,20.122953],[99.498172,20.116223],[99.491543,20.115591],[99.489231,20.112563],[99.483403,20.10958],[99.471749,20.109079],[99.462194,20.104526],[99.455187,20.097948],[99.444476,20.098297],[99.438201,20.090609],[99.42867,20.090152],[99.422253,20.093615],[99.417157,20.09368],[99.412533,20.088322],[99.405196,20.088605],[99.400595,20.086013],[99.396302,20.08928],[99.393494,20.087908],[99.385685,20.087559],[99.378395,20.089302],[99.373865,20.094398],[99.365019,20.099255],[99.351028,20.096424],[99.348292,20.101848],[99.343715,20.105638],[99.336944,20.103895],[99.330692,20.107837],[99.318306,20.110451],[99.313989,20.109971],[99.309082,20.112346],[99.306817,20.11093],[99.302146,20.113413],[99.295823,20.112128],[99.283956,20.11289],[99.278176,20.116593],[99.265413,20.113522],[99.253735,20.114284],[99.247079,20.112081],[99.241999,20.113807],[99.235134,20.122928],[99.232008,20.124783],[99.230138,20.124654],[99.225422,20.119449],[99.222408,20.119527],[99.217859,20.127076],[99.210408,20.130889],[99.199105,20.130889],[99.1909,20.126818],[99.18091,20.126561],[99.174017,20.128699],[99.170361,20.132177],[99.164109,20.130065],[99.159197,20.132822],[99.147895,20.127179],[99.14449,20.12267],[99.130034,20.119785],[99.125876,20.117337],[99.12822,20.109015],[99.131597,20.105872],[99.130397,20.104042],[99.124564,20.103939],[99.119067,20.100848],[99.111643,20.100435],[99.108462,20.097936],[99.104192,20.097524],[99.099978,20.097859],[99.098108,20.102831],[99.095457,20.105356],[99.093559,20.104815],[99.090713,20.097498],[99.083205,20.098554],[99.081224,20.101492],[99.076954,20.101131],[99.072684,20.097189],[99.067298,20.087759],[99.069782,20.082039],[99.066963,20.06841],[99.056804,20.062922],[99.053902,20.050478],[99.04832,20.045995],[99.044441,20.038265],[99.045781,20.025718],[99.043464,20.017138],[99.046506,20.012681],[99.046367,20.008739],[99.0546,20.003328],[99.050914,19.998568],[99.04221,19.995942],[99.037036,19.990215],[99.036325,19.981115],[99.034045,19.979372],[99.031985,19.973848],[99.039341,19.965405],[99.039611,19.956712],[99.045079,19.949173],[99.0414916,19.9437391],[99.0406777,19.9368798],[99.042627,19.931267],[99.034805,19.930067],[99.030465,19.924702],[99.026566,19.925653],[99.025659,19.929682],[99.021834,19.92717],[99.023281,19.925721],[99.023452,19.919292],[99.027204,19.915647],[99.027621,19.90897],[99.023673,19.909128],[99.021981,19.907385],[99.022251,19.89876],[99.026444,19.895523],[99.025267,19.887486],[99.02767,19.880944],[99.025561,19.877367],[99.025021,19.868064],[99.022888,19.866615],[99.029313,19.858442],[99.033996,19.855545],[99.033236,19.849116],[99.029607,19.841782],[99.03071,19.834402],[99.027277,19.827249],[99.024776,19.827385],[99.0219722,19.8196959],[99.0234993,19.8182614],[99.02262,19.8141891],[99.0196122,19.8123381],[99.0162804,19.8060447],[99.017067,19.7980854],[99.0151235,19.794152],[99.0071179,19.791792],[99.0044802,19.7814727],[99.0001766,19.782537],[98.994022,19.7815189],[98.9915695,19.7829072],[98.9887467,19.7661094],[98.9871271,19.7639807],[98.9883765,19.7561602],[98.9906902,19.7546794],[98.9888855,19.7472291],[98.9914769,19.7439899],[98.9868957,19.7395475],[98.9725504,19.7427404],[98.9664421,19.7474605],[98.9605652,19.7489413],[98.9562153,19.7518104],[98.9526059,19.7610654],[98.9534851,19.7653227],[98.9513564,19.76722],[98.9515878,19.7688396],[98.9458497,19.7696725],[98.9402041,19.7686545],[98.930255,19.7738373],[98.9236839,19.7652764],[98.9187325,19.7651376],[98.9193341,19.7627775],[98.9166501,19.7620834],[98.911421,19.7617132],[98.9086908,19.764027],[98.9057292,19.7633328],[98.9017958,19.7665721],[98.8984178,19.7658317],[98.89491,19.773173],[98.889456,19.775397],[98.883682,19.781623],[98.874848,19.78284],[98.87159,19.786029],[98.871227,19.79182],[98.856059,19.796843],[98.850195,19.801684],[98.849694,19.807979],[98.839557,19.813616],[98.832541,19.811224],[98.828071,19.802704],[98.829768,19.795836],[98.822662,19.78817],[98.819586,19.787274],[98.812797,19.780993],[98.807887,19.780126],[98.805326,19.776936],[98.795947,19.775957],[98.795916,19.773103],[98.787401,19.764527],[98.786719,19.761268],[98.781748,19.757911],[98.781021,19.754581],[98.778854,19.75279],[98.774596,19.752385],[98.76952,19.755295],[98.757322,19.757308],[98.751185,19.7604],[98.744822,19.755734],[98.74212,19.756257],[98.737678,19.7544],[98.73265,19.756895],[98.728691,19.761189],[98.722028,19.76086],[98.717063,19.762659],[98.711406,19.76881],[98.703676,19.757939],[98.699088,19.757282],[98.694479,19.754245],[98.691692,19.755251],[98.68392,19.754322],[98.679604,19.749409],[98.672355,19.751885],[98.666216,19.74968],[98.663283,19.746585],[98.665274,19.741575],[98.6592276,19.7355204],[98.653458,19.740008],[98.645832,19.736275],[98.64359,19.733432],[98.636194,19.732039],[98.634812,19.729138],[98.625405,19.728383],[98.627898,19.720685],[98.6262292,19.7150388],[98.620838,19.713992],[98.616145,19.717261],[98.612646,19.710336],[98.6081,19.709137],[98.599762,19.713218],[98.589957,19.71583],[98.580068,19.707396],[98.57173,19.704146],[98.572736,19.698808],[98.570201,19.696699],[98.570578,19.689214],[98.566828,19.681186],[98.56731,19.673642],[98.566032,19.672076],[98.561674,19.675248],[98.559097,19.675461],[98.556751,19.681186],[98.548685,19.686757],[98.538084,19.68933],[98.538168,19.69372],[98.532846,19.69637],[98.532783,19.699078],[98.528845,19.705694],[98.526351,19.706177],[98.522622,19.710936],[98.519668,19.712232],[98.518495,19.715501],[98.509696,19.717648],[98.507119,19.716352],[98.508208,19.713799],[98.506197,19.710065],[98.501588,19.709098],[98.496934,19.705705],[98.485561,19.704601],[98.4759154,19.6986351],[98.473763,19.69513],[98.467661,19.694868],[98.466728,19.692641],[98.4769287,19.6761055],[98.480545,19.6666641],[98.4905396,19.6527748],[98.4997101,19.6433296],[98.5030518,19.6419411],[98.5124969,19.6322174],[98.5208282,19.6261063],[98.5452576,19.6130524],[98.5505371,19.6088867],[98.5527649,19.579998],[98.5591431,19.5583305],[98.5605316,19.5555534],[98.5752716,19.5422211],[98.5763855,19.5138855],[98.5805511,19.5077744],[98.5883179,19.5058327],[98.5941467,19.5022202],[98.6008148,19.4947166],[98.6072083,19.4827728],[98.6094208,19.4752731],[98.6074829,19.4638824],[98.6013794,19.4516602],[98.5983276,19.4402733],[98.5969391,19.4238853],[98.5991516,19.4124947],[98.6010895,19.4091606],[98.6005402,19.3999977],[98.5994263,19.3969421],[98.5913696,19.3905525],[98.5905457,19.3874969],[98.5927582,19.3719406],[98.5944366,19.3686066],[98.6027679,19.3624954],[98.6058197,19.3566628],[98.6049805,19.3361092],[98.61026,19.3222198],[98.6091461,19.2972183],[98.6121979,19.2774963],[98.6085968,19.2669411],[98.6049805,19.2611084],[98.6035919,19.2530518],[98.6080322,19.234993],[98.6069336,19.2272186],[98.6010895,19.219162],[98.5891571,19.2119408],[98.5866547,19.2052727],[98.5894318,19.1988831],[98.5960999,19.1919403],[98.6174774,19.1749954],[98.6246948,19.1674957],[98.6497192,19.1274948],[98.6552582,19.101387],[98.6547089,19.0886078],[98.64888,19.0666656],[98.6397095,19.0566635],[98.6160889,19.0424957],[98.5960999,19.0391655],[98.5869293,19.0397186],[98.5730438,19.034996],[98.5608063,19.0277748],[98.5455322,19.0238876],[98.5330505,19.0255547],[98.5149994,19.0319405],[98.4916534,19.0377769],[98.4797058,19.0361099],[98.4716492,19.0252762],[98.4688721,19.0091629],[98.4674835,19.0055542],[98.4641571,19.0041656],[98.4544373,19.0086098],[98.4441376,19.017498],[98.4344177,19.0222206],[98.4160919,19.0277748],[98.3863831,19.0316658],[98.3547058,19.0294418],[98.3466492,19.0302773],[98.3361053,19.0347214],[98.3283234,19.0411072],[98.3222198,19.053051],[98.3060913,19.0702744],[98.3033142,19.076664],[98.2991486,19.081665],[98.2944336,19.0863838],[98.274704,19.0999985],[98.2636108,19.1252747],[98.2474823,19.1419411],[98.2355347,19.1494408],[98.2260895,19.1494408],[98.2227631,19.1511078],[98.2174835,19.1552734],[98.2138824,19.1608276],[98.2080383,19.1644402],[98.1858063,19.1644402],[98.1794281,19.1611061],[98.1705322,19.1513863],[98.157486,19.1505508],[98.1555481,19.1477737],[98.1552582,19.1305504],[98.152771,19.1191635],[98.1483307,19.1091614],[98.1405029,19.1016464],[98.1266479,19.0936089],[98.1194305,19.0866623],[98.1158142,19.0808296],[98.1163788,19.076664],[98.1213684,19.0719414],[98.1308136,19.0536079],[98.133606,19.0427742],[98.1091461,19.0008316],[98.1066437,18.989994],[98.1083221,18.9822159],[98.1197052,18.9611053],[98.1246948,18.9427719],[98.1244202,18.9299965],[98.1121979,18.890831],[98.0808258,18.8236084],[98.081665,18.8158302],[98.0891571,18.7997208],[98.0899811,18.7913857],[98.0983276,18.7766647],[98.1002655,18.7738876],[98.1052551,18.7733307],[98.1169281,18.7758293],[98.1197052,18.7741661],[98.1224823,18.7636108],[98.1194305,18.7524986],[98.1133118,18.7444382],[98.1108093,18.7377739],[98.1083221,18.7258263],[98.1088715,18.7047157],[98.1066437,18.6927719],[98.1119232,18.6749954],[98.1127625,18.6666641],[98.1110992,18.6586075],[98.1008148,18.6452751],[98.0986023,18.6380501],[98.1033173,18.6247177],[98.118042,18.6063843],[98.1194305,18.5986061],[98.1183167,18.5641632],[98.1121979,18.5463867],[98.1124878,18.5419426],[98.1149902,18.5358315],[98.1244202,18.5261078],[98.1486053,18.4944382],[98.157486,18.484993],[98.1669312,18.4797173],[98.1824799,18.4755516],[98.1960907,18.4658279],[98.2024841,18.4633293],[98.2105408,18.4569397],[98.2124939,18.44944],[98.2088776,18.4441605],[98.1960907,18.4374962],[98.191925,18.4369392],[98.1835938,18.4386063],[98.1785889,18.4427719],[98.1741486,18.4427719],[98.1713715,18.4408302],[98.1672058,18.4361076],[98.1602631,18.410553],[98.1513824,18.3958282],[98.1366577,18.3819389],[98.1069336,18.3599968],[98.0994263,18.3486061],[98.1019287,18.32444],[98.1066437,18.3191643],[98.1172028,18.3161087],[98.1210938,18.3105545],[98.1185913,18.303051],[98.1105347,18.2922211],[98.1049805,18.2797203],[98.0980377,18.2544441],[98.0913696,18.23666],[98.0908203,18.2286072],[98.0922089,18.2252731],[98.1047058,18.2188835],[98.1091461,18.2091599],[98.1108093,18.1886063],[98.1091461,18.1669388],[98.1038666,18.1488838],[98.1052551,18.1413841],[98.1136017,18.1266632],[98.1235962,18.1174965],[98.1269226,18.1113853],[98.1296997,18.0999985],[98.1271973,18.0888863],[98.1252594,18.0863838],[98.1222076,18.0838852],[98.1149902,18.0819397],[98.1058197,18.0769424],[98.098877,18.0697174],[98.0938721,18.0605545],[98.0885925,18.033886],[98.0827637,18.0249977],[98.0861053,17.9966621],[98.0972137,17.9713821],[98.1058197,17.9611053],[98.1344299,17.9419403],[98.1563721,17.9308281],[98.1735992,17.9063835],[98.1902618,17.8899956],[98.1999969,17.8680534],[98.2080383,17.8619423],[98.2272034,17.8566628],[98.2441406,17.8361092],[98.2460938,17.8291626],[98.2444305,17.8213844],[98.2358093,17.8161087],[98.2230377,17.805275],[98.2230377,17.8008308],[98.2285919,17.7924957],[98.2294312,17.788887],[98.2280426,17.785553],[98.2149963,17.7844429],[98.2124939,17.7822189],[98.2105408,17.7749977],[98.2108154,17.7708321],[98.215271,17.7655525],[98.2241516,17.7611084],[98.2285919,17.7555542],[98.2322083,17.7458267],[98.2333221,17.7241631],[98.2347107,17.7211075],[98.2402649,17.7177734],[98.2561035,17.7138824],[98.2713776,17.7058296],[98.2924805,17.7022171],[98.302475,17.6958275],[98.3019257,17.6916618],[98.2944336,17.6752739],[98.2711029,17.6661072],[98.2649994,17.6624947],[98.2619324,17.656662],[98.2572174,17.6327744],[98.2577667,17.5858307],[98.2591553,17.5774956],[98.2605438,17.5741653],[98.2677612,17.5719414],[98.2861023,17.5769424],[98.3041534,17.5708313],[98.306366,17.5686073],[98.3141479,17.5441628],[98.3241577,17.5261078],[98.324707,17.5055542],[98.3230438,17.4886055],[98.3177643,17.4655495],[98.3119202,17.4530487],[98.3116455,17.4449959],[98.3155365,17.4397163],[98.3224945,17.4363823],[98.3336029,17.4336052],[98.3366547,17.427494],[98.3347168,17.4188843],[98.3313751,17.4138832],[98.3249969,17.4102745],[98.3144226,17.4072189],[98.3105316,17.4019394],[98.3108063,17.3977737],[98.3288727,17.3788834],[98.3394318,17.347496],[98.3424835,17.3327751],[98.3394318,17.3263855],[98.332489,17.3188858],[98.3338776,17.306942],[98.3369293,17.3008308],[98.3469391,17.2916641],[98.364151,17.2858315],[98.3816528,17.2699966],[98.3924866,17.2666664],[98.3983307,17.2624969],[98.4066467,17.2527771],[98.4172058,17.2483292],[98.4219208,17.2483292],[98.4358063,17.2522202],[98.4697113,17.2699966],[98.5005493,17.2702751],[98.5236053,17.2749977],[98.5485992,17.283886],[98.556366,17.284996],[98.5630341,17.2877769],[98.5677643,17.2922211],[98.5736084,17.3144417],[98.5699921,17.3291626],[98.5724945,17.3405533],[98.5708313,17.348053],[98.5652618,17.3511086],[98.556366,17.3527756],[98.5508118,17.3563843],[98.5488739,17.3633308],[98.551651,17.3702736],[98.5594177,17.3811073],[98.5644226,17.3947182],[98.5669403,17.406105],[98.5663757,17.4230499],[98.5585938,17.4383278],[98.5397034,17.452774],[98.5344238,17.4611053],[98.531662,17.4858284],[98.5352631,17.5147209],[98.5444336,17.5383301],[98.5508118,17.5505524],[98.5552521,17.5555534],[98.5608063,17.5594406],[98.5811005,17.5669403],[98.6069336,17.5691643],[98.6127625,17.5733299],[98.6202545,17.5886078],[98.6246948,17.594162],[98.6271973,17.6055527],[98.6222076,17.619442],[98.6138763,17.6291618],[98.6136017,17.6455498],[98.6085968,17.6547165],[98.6110992,17.6658287],[98.6330414,17.6855507],[98.6477661,17.6952744],[98.6510925,17.7052727],[98.6474915,17.715271],[98.6480408,17.719162],[98.6549835,17.7313843],[98.6638794,17.7372169],[98.6883087,17.7444382],[98.7044373,17.7519417],[98.7055508,17.7575545],[98.7355347,17.7522202],[98.743866,17.7536087],[98.7502747,17.7572212],[98.7583313,17.7574997],[98.7744293,17.7411041],[98.7944336,17.7358284],[98.806366,17.7347183],[98.8227692,17.7180519],[98.8299866,17.7155495],[98.8391571,17.7147179],[98.8502655,17.7180519],[98.8574829,17.7247162],[98.8644257,17.7272186],[98.8763733,17.7255516],[98.8805389,17.7263832],[98.8830414,17.7283287],[98.8880463,17.7374954],[98.894989,17.739994],[98.8983307,17.7452736],[98.8977661,17.7627754],[98.8994293,17.7749977],[98.911377,17.8197174],[98.9099884,17.826664],[98.9063721,17.8327751],[98.8963776,17.8411064],[98.890274,17.8536072],[98.8869324,17.8727722],[98.8791504,17.8880501],[98.8749847,17.9069405],[98.8636017,17.9327736],[98.8574829,17.9619408],[98.8513794,17.9705505],[98.8383179,17.9705505],[98.8230438,17.9666634],[98.8186035,17.9672165],[98.8127594,17.9705505],[98.8085938,17.9802742],[98.8044281,17.9991608],[98.8002625,18.0088882],[98.7988739,18.0211105],[98.8019257,18.0322189],[98.8121948,18.0638847],[98.8216553,18.0824966],[98.8205414,18.0861092],[98.8124847,18.0972176],[98.8180542,18.115551],[98.8158112,18.1486053],[98.8116455,18.1580505],[98.8035889,18.1647186],[98.7952576,18.1744385],[98.793869,18.178051],[98.793869,18.1899948],[98.79776,18.2049942],[98.7935944,18.2374954],[98.786377,18.2491608],[98.7616577,18.2624969],[98.7388763,18.2777748],[98.7255402,18.2830544],[98.7158203,18.288887],[98.6969299,18.2941628],[98.6785889,18.3027763],[98.6676372,18.306058],[98.6757482,18.3149113],[98.674817,18.3199082],[98.6715726,18.3230268],[98.6709567,18.3253632],[98.6721863,18.3266831],[98.6792973,18.3279929],[98.6869577,18.3339874],[98.6900176,18.3347594],[98.6966802,18.3304046],[98.7000083,18.3301296],[98.7040852,18.3338428],[98.7036432,18.3372973],[98.6948569,18.3526667],[98.6813064,18.3686168],[98.686924,18.3764508],[98.6884818,18.3872228],[98.6907263,18.3919081],[98.6990862,18.3970411],[98.7095189,18.4138036],[98.7095125,18.4156766],[98.7070341,18.4161754],[98.7030344,18.4122929],[98.6987407,18.4107395],[98.6952152,18.4119163],[98.6929815,18.4164563],[98.6937754,18.4191559],[98.7011569,18.4267046],[98.7048798,18.4367711],[98.7086885,18.4413512],[98.7109995,18.4414632],[98.7152074,18.4343303],[98.7199645,18.4343914],[98.7217326,18.4366306],[98.7230888,18.4438916],[98.7250929,18.4452615],[98.7367273,18.4388881],[98.7428448,18.4316229],[98.7553246,18.4359965],[98.762705,18.4339772],[98.7648443,18.4346978],[98.7780268,18.4498129],[98.7880615,18.4533983],[98.7975758,18.45263],[98.800375,18.4546125],[98.8050538,18.4628099],[98.8133333,18.4622614],[98.8154726,18.4724988],[98.8221781,18.4752524],[98.8252831,18.4794387],[98.8356042,18.4838162],[98.8397766,18.4870571],[98.8427754,18.4897016],[98.8455144,18.498457],[98.8516268,18.5012716],[98.8558207,18.4994555],[98.8596112,18.5007242],[98.8616733,18.503572],[98.8617205,18.5102014],[98.8668886,18.5148457],[98.872371,18.5166311],[98.8765746,18.5109746],[98.8785476,18.5103764],[98.8930058,18.522029],[98.9074919,18.5290321],[98.9148218,18.5360673],[98.9227064,18.5359931],[98.9289506,18.5408045],[98.9338869,18.5417729],[98.9347002,18.5429375],[98.9320845,18.545451],[98.9335404,18.5493803],[98.9324804,18.554054],[98.9354029,18.5561116],[98.9378845,18.5630807],[98.9433112,18.5636716],[98.9478988,18.5709231],[98.9474697,18.5758637],[98.9533845,18.5797384],[98.9535057,18.5859855],[98.9560999,18.588119],[98.9580644,18.593354],[98.9646229,18.5972344],[98.9689338,18.6023542],[98.9761381,18.6052483],[98.9824829,18.6111069],[98.9860992,18.6163864],[98.9947052,18.6411057],[98.9983215,18.6463852],[99.0052643,18.6633301],[99.0133209,18.6699944],[99.0219269,18.6702728],[99.0297089,18.6683273],[99.0394287,18.6594391],[99.0427551,18.6538849],[99.0510864,18.6536064],[99.0569305,18.6572189],[99.0597076,18.6636086],[99.0727692,18.6761055],[99.0844269,18.6786079],[99.1107315,18.6797139],[99.1166534,18.6824951],[99.1291504,18.6988831],[99.1427612,18.7041626],[99.1658173,18.7041626],[99.176651,18.7072182],[99.1833191,18.7038841],[99.1874847,18.6991615],[99.1830444,18.6891632],[99.1833191,18.6855507],[99.1988678,18.6683273],[99.2022095,18.6622162],[99.2208252,18.6519394],[99.2230377,18.6494408],[99.223877,18.6416626],[99.2277679,18.6358299],[99.2297058,18.6197166],[99.2227631,18.6124954],[99.2149963,18.6113853],[99.2133179,18.5994415],[99.2147064,18.5961075],[99.2447052,18.5741653],[99.2634297,18.5656618],[99.2835999,18.5469437],[99.2922058,18.5408325],[99.3094177,18.5344429],[99.3146973,18.5297203],[99.3244324,18.5369415],[99.3280487,18.5433311],[99.327774,18.5555534],[99.3255463,18.5630531],[99.3278743,18.570202],[99.3317175,18.5750118],[99.3472137,18.5794411],[99.3486023,18.5824966],[99.3494263,18.5986061],[99.356369,18.6061058],[99.356369,18.6108284],[99.3522034,18.6158295],[99.3355408,18.6180534],[99.3252716,18.6224976],[99.321106,18.6269417],[99.321106,18.6316643],[99.3238831,18.6430511],[99.3258209,18.6455498],[99.3333282,18.6524963],[99.341095,18.6541634],[99.3424835,18.6572189],[99.3416595,18.6608276],[99.3308258,18.677494],[99.3302765,18.6863823],[99.3405457,18.7177734],[99.3474884,18.7338829],[99.3644257,18.7547188],[99.3666534,18.7619438],[99.3638763,18.7894402],[99.3583221,18.7977753],[99.3557033,18.8153119],[99.3521206,18.8208962],[99.3537079,18.825947],[99.3509435,18.8284149],[99.3497918,18.8363958],[99.3520574,18.8420066],[99.3515965,18.8458399],[99.371306,18.8549431],[99.3862331,18.8697931],[99.3854795,18.877337],[99.3905731,18.8829885],[99.3874016,18.8864601],[99.3845696,18.9006863],[99.3777282,18.9189919],[99.3860444,18.9374566],[99.385349,18.9473045],[99.3752594,18.9613838],[99.3774066,18.9685135],[99.3736983,18.9725503],[99.3721096,18.9812362],[99.3738708,18.9852715],[99.3827515,18.9916611],[99.4012801,18.9999594],[99.396255,19.0088598],[99.396583,19.0186275],[99.3900234,19.0197127],[99.3892034,19.0246739],[99.3875635,19.0259141],[99.3873995,19.0352157],[99.3811679,19.0500973],[99.3837917,19.0562975],[99.3831358,19.0595525],[99.3844477,19.0631175],[99.3754282,19.0679223],[99.3700166,19.0673024],[99.3637849,19.0690073],[99.363293,19.0719521],[99.3657528,19.0772216],[99.3639489,19.0810962],[99.3534536,19.0849706],[99.3516497,19.0869853],[99.345582,19.0854355],[99.3426302,19.0934166],[99.3371026,19.1007],[99.3359547,19.1055037],[99.3290671,19.1126316],[99.3290671,19.1161954],[99.3234914,19.120069],[99.323681,19.1236106],[99.3217598,19.1244303],[99.3214365,19.1281415],[99.3193493,19.1295657],[99.3225961,19.1342765],[99.322944,19.1400827],[99.3179578,19.1579381],[99.3187695,19.1642911],[99.3169142,19.1695485],[99.3050864,19.1763392],[99.3042747,19.18302],[99.3055502,19.1880578],[99.3031151,19.1937526],[99.3057821,19.1948477],[99.3056662,19.1978045],[99.309029,19.2055795],[99.3132035,19.2080981],[99.3094928,19.2135732],[99.3101886,19.2157631],[99.3084492,19.2191576],[99.3100726,19.2211285],[99.3097099,19.2246544],[99.3174174,19.2277513],[99.3226536,19.2437264],[99.3290518,19.2470363],[99.3374658,19.2549799],[99.3363264,19.2611856],[99.3438721,19.264164],[99.3422089,19.2766647],[99.3338776,19.2955513],[99.3244324,19.3319397],[99.3170942,19.3516775],[99.3232556,19.3575673],[99.3319397,19.3591614],[99.3341522,19.3663864],[99.3274841,19.3827744],[99.3255463,19.3988838],[99.3213806,19.4086075],[99.3152618,19.4163857],[99.310257,19.4299965],[99.3108063,19.4380493],[99.3181276,19.4529184],[99.3108016,19.4725366],[99.3065069,19.4738588],[99.305981,19.4777425],[99.3080845,19.4800561],[99.305542,19.4830513],[99.3076463,19.4892277],[99.2997131,19.4858284],[99.2935944,19.4941597],[99.2933197,19.4983292],[99.2972107,19.5036087],[99.2987888,19.5125624],[99.3015094,19.5171595],[99.3212106,19.5350784],[99.3252716,19.5363846],[99.3252716,19.540554],[99.3212367,19.5415404],[99.3166223,19.555679],[99.3071126,19.5546467],[99.2965242,19.5660812],[99.2949228,19.5759486],[99.2902234,19.5803763],[99.29233,19.5899947],[99.2910336,19.5957197],[99.2840655,19.6032],[99.2664775,19.6112698],[99.2658234,19.6161079],[99.2597198,19.6286087],[99.2599945,19.6333313],[99.2627716,19.6486053],[99.2702637,19.660553],[99.2805481,19.6688843],[99.3052521,19.6822166],[99.3155365,19.6997185],[99.3241577,19.7055511],[99.3313751,19.7077713],[99.3358154,19.7074966],[99.3424835,19.7047157],[99.3469391,19.7049942],[99.348877,19.7083282],[99.3486023,19.716938],[99.3510895,19.719162],[99.3583221,19.7213821],[99.3633118,19.7258263],[99.3658142,19.7324944],[99.3633118,19.7486038],[99.3663788,19.7594414],[99.3660889,19.768055],[99.3691406,19.7744408],[99.3791504,19.7833328],[99.3808136,19.7866631],[99.3808136,19.7952766],[99.3844299,19.8011093],[99.3927612,19.8077736],[99.4133148,19.810276],[99.4191437,19.8133316],[99.418869,19.8172188],[99.4102631,19.8274956],[99.4094238,19.8311081],[99.4138794,19.8402748],[99.4058228,19.8469429],[99.3991547,19.8491631],[99.3916626,19.8566628],[99.3833313,19.8841629],[99.3844299,19.8919411],[99.3894348,19.8963852],[99.3930511,19.9024963],[99.3983307,19.9063835],[99.4122009,19.9116631],[99.4197083,19.9186058],[99.4194336,19.9311066],[99.4163818,19.9474945],[99.4191437,19.9580498],[99.4319305,19.9641609],[99.4416504,19.9727707],[99.4530487,19.9761047],[99.4713745,19.9697151],[99.4799805,19.969162],[99.4991455,19.9736061],[99.5033264,19.9727707],[99.5119324,19.9666634],[99.5188751,19.9641609],[99.5230408,19.9641609],[99.5260925,19.9616623],[99.5310974,19.9530487],[99.5335999,19.9341621],[99.5422058,19.9236069],[99.552475,19.9147186],[99.560257,19.9144402],[99.5644226,19.9152718],[99.5666656,19.9174957],[99.5682198,19.9209982],[99.5680542,19.9344406],[99.5699921,19.9463844],[99.5883179,19.9655495],[99.5827637,19.9836044],[99.5844269,19.9908295],[99.5888824,19.9961052],[99.5916595,20.0080528],[99.5908203,20.0116653],[99.587204,20.0172195],[99.5808258,20.0199966],[99.5549774,20.0227737],[99.5460968,20.0274963],[99.5327606,20.0424957],[99.5163879,20.0497208],[99.5072174,20.0558319],[99.5030518,20.060276],[99.5,20.0711098],[99.5019379,20.078331],[99.5063782,20.0830536],[99.5358124,20.0922203],[99.5635986,20.1108284],[99.5669403,20.117218],[99.5666656,20.1216621],[99.5652618,20.1249962],[99.5552521,20.1288834],[99.5352631,20.133606],[99.5258179,20.1380501],[99.513272,20.147538]]]}}]}